PassengerId,Survived,Pclass,Sex,Age,SibSp,Parch,Fare,Embarked
0.0,0.0,1.0,1.0,0.3,0.125,0.0,0.014151057562208,0.6666666666666666
0.0011235955056178,1.0,0.0,0.0,0.5,0.125,0.0,0.1391357353826406,0.0
0.0022471910112358,1.0,1.0,0.0,0.3,0.0,0.0,0.0154685698179998,0.6666666666666666
0.0033707865168538,1.0,0.0,0.0,0.4,0.125,0.0,0.1036442974556203,0.6666666666666666
0.0044943820224718,0.0,1.0,1.0,0.4,0.0,0.0,0.0157125535690723,0.6666666666666666
0.0056179775280897,0.0,1.0,1.0,0.4,0.0,0.0,0.0165095020935757,0.3333333333333333
0.0067415730337077,0.0,0.0,1.0,0.7,0.0,0.0,0.101228858320002,0.6666666666666666
0.0078651685393257,0.0,1.0,1.0,0.0,0.375,0.1666666666666666,0.0411356604308323,0.6666666666666666
0.0089887640449437,1.0,1.0,0.0,0.3,0.0,0.3333333333333333,0.0217307543665283,0.6666666666666666
0.0101123595505616,1.0,0.5,0.0,0.2,0.125,0.0,0.0586942926540201,0.0
0.0112359550561796,1.0,1.0,0.0,0.0,0.125,0.1666666666666666,0.032596229143293,0.6666666666666666
0.0123595505617976,1.0,0.0,0.0,0.7,0.0,0.0,0.0518221487278101,0.6666666666666666
0.0134831460674156,0.0,1.0,1.0,0.2,0.0,0.0,0.0157125535690723,0.6666666666666666
0.0146067415730336,0.0,1.0,1.0,0.5,0.125,0.8333333333333333,0.0610447345183526,0.6666666666666666
0.0157303370786515,0.0,1.0,0.0,0.2,0.0,0.0,0.0153303774213923,0.6666666666666666
0.0168539325842695,1.0,0.5,0.0,0.7,0.0,0.0,0.0312299201372867,0.6666666666666666
0.0179775280898875,0.0,1.0,1.0,0.0,0.5,0.1666666666666666,0.0568482139999047,0.3333333333333333
0.0191011235955055,1.0,0.5,1.0,0.4,0.0,0.0,0.0253743101115454,0.6666666666666666
0.0202247191011234,0.0,1.0,0.0,0.4,0.125,0.0,0.0351336601544475,0.6666666666666666
0.0213483146067414,1.0,1.0,0.0,0.4,0.0,0.0,0.0141022608119935,0.0
0.0224719101123594,0.0,0.5,1.0,0.4,0.0,0.0,0.0507486202230909,0.6666666666666666
0.0235955056179774,1.0,0.5,1.0,0.4,0.0,0.0,0.0253743101115454,0.6666666666666666
0.0247191011235954,1.0,1.0,0.0,0.2,0.0,0.0,0.0156719546728939,0.3333333333333333
0.0258426966292133,1.0,0.0,1.0,0.3,0.0,0.0,0.0692913853046049,0.6666666666666666
0.0269662921348313,0.0,1.0,0.0,0.1,0.375,0.1666666666666666,0.0411356604308323,0.6666666666666666
0.0280898876404493,1.0,1.0,0.0,0.5,0.125,0.8333333333333333,0.0612643198943179,0.6666666666666666
0.0292134831460673,0.0,1.0,1.0,0.4,0.0,0.0,0.0141022608119935,0.0
0.0303370786516852,0.0,0.0,1.0,0.2,0.375,0.3333333333333333,0.5133418122566507,0.6666666666666666
0.0314606741573032,1.0,1.0,0.0,0.4,0.0,0.0,0.0153791741716068,0.3333333333333333
0.0325842696629212,0.0,1.0,1.0,0.4,0.0,0.0,0.0154115752137492,0.6666666666666666
0.0337078651685392,0.0,0.0,1.0,0.5,0.0,0.0,0.0541073981338561,0.0
0.0348314606741572,1.0,0.0,0.0,0.4,0.125,0.0,0.2859895551532101,0.0
0.0359550561797751,1.0,1.0,0.0,0.4,0.0,0.0,0.0151269925664982,0.3333333333333333
0.0370786516853931,0.0,0.5,1.0,0.8,0.0,0.0,0.0204946350900944,0.6666666666666666
0.0382022471910111,0.0,0.0,1.0,0.3,0.125,0.0,0.16038672010106,0.0
0.0393258426966291,0.0,0.0,1.0,0.5,0.125,0.0,0.1014972404461818,0.6666666666666666
0.040449438202247,1.0,1.0,1.0,0.4,0.0,0.0,0.0141104586660295,0.0
0.041573033707865,0.0,1.0,1.0,0.3,0.0,0.0,0.0157125535690723,0.6666666666666666
0.042696629213483,0.0,1.0,0.0,0.2,0.25,0.0,0.0351336601544475,0.6666666666666666
0.043820224719101,1.0,1.0,0.0,0.2,0.125,0.0,0.0219423370754585,0.0
0.044943820224719,0.0,1.0,0.0,0.5,0.125,0.0,0.0184939683312994,0.6666666666666666
0.0460674157303369,0.0,0.5,0.0,0.3,0.125,0.0,0.0409892701801888,0.6666666666666666
0.0471910112359549,0.0,1.0,1.0,0.4,0.0,0.0,0.0154115752137492,0.0
0.0483146067415729,1.0,0.5,0.0,0.0,0.125,0.3333333333333333,0.081157193460767,0.0
0.0494382022471909,1.0,1.0,0.0,0.2,0.0,0.0,0.0153791741716068,0.3333333333333333
0.0505617977528088,0.0,1.0,1.0,0.4,0.0,0.0,0.0157125535690723,0.6666666666666666
0.0516853932584268,0.0,1.0,1.0,0.4,0.125,0.0,0.0302539851329965,0.3333333333333333
0.0528089887640448,1.0,1.0,0.0,0.4,0.0,0.0,0.0151269925664982,0.3333333333333333
0.0539325842696628,0.0,1.0,1.0,0.4,0.25,0.0,0.0423149802900166,0.0
0.0550561797752808,0.0,1.0,0.0,0.2,0.125,0.0,0.0347432861527314,0.6666666666666666
0.0561797752808987,0.0,1.0,1.0,0.1,0.5,0.1666666666666666,0.0774648409655354,0.6666666666666666
0.0573033707865167,0.0,1.0,1.0,0.3,0.0,0.0,0.0152245860669272,0.6666666666666666
0.0584269662921347,1.0,0.0,0.0,0.6,0.125,0.0,0.1497654242623688,0.0
0.0595505617977527,1.0,0.5,0.0,0.4,0.125,0.0,0.0507486202230909,0.6666666666666666
0.0606741573033706,0.0,0.0,1.0,0.8,0.0,0.1666666666666666,0.1209753416358076,0.0
0.0617977528089886,1.0,0.0,1.0,0.4,0.0,0.0,0.0692913853046049,0.6666666666666666
0.0629213483146066,1.0,0.5,0.0,0.3,0.0,0.0,0.0204946350900944,0.6666666666666666
0.0640449438202246,0.0,1.0,1.0,0.4,0.0,0.0,0.0141104586660295,0.0
0.0651685393258426,1.0,0.5,0.0,0.1,0.125,0.3333333333333333,0.0541643927381066,0.6666666666666666
0.0662921348314605,0.0,1.0,1.0,0.1,0.625,0.3333333333333333,0.0915427034024217,0.6666666666666666
0.0674157303370785,0.0,1.0,1.0,0.3,0.0,0.0,0.0141104586660295,0.0
0.0685393258426965,1.0,0.0,0.0,0.5,0.0,0.0,0.1561496006864336,1.0
0.0696629213483145,0.0,0.0,1.0,0.6,0.125,0.0,0.1629323489662505,0.6666666666666666
0.0707865168539324,0.0,1.0,1.0,0.0,0.375,0.3333333333333333,0.0544571732393937,0.6666666666666666
0.0719101123595504,0.0,0.0,1.0,0.4,0.0,0.0,0.0541073981338561,0.0
0.0730337078651684,1.0,1.0,1.0,0.4,0.125,0.1666666666666666,0.0297578197768153,0.0
0.0741573033707864,1.0,0.5,0.0,0.4,0.0,0.0,0.0204946350900944,0.6666666666666666
0.0752808988764043,0.0,1.0,1.0,0.2,0.0,0.0,0.0159239410910016,0.6666666666666666
0.0764044943820223,1.0,1.0,0.0,0.2,0.5,0.3333333333333333,0.0154685698179998,0.6666666666666666
0.0775280898876403,0.0,1.0,1.0,0.3,0.25,0.0,0.0169080739493278,0.6666666666666666
0.0786516853932583,0.0,0.5,1.0,0.4,0.0,0.0,0.0204946350900944,0.6666666666666666
0.0797752808988763,0.0,1.0,0.0,0.2,0.625,0.3333333333333333,0.0915427034024217,0.6666666666666666
0.0808988764044942,0.0,0.5,1.0,0.3,0.0,0.0,0.1434624456306609,0.6666666666666666
0.0820224719101122,0.0,1.0,1.0,0.3,0.125,0.0,0.0282127194780231,0.0
0.0831460674157302,1.0,1.0,1.0,0.4,0.0,0.0,0.1102724576307577,0.6666666666666666
0.0842696629213482,0.0,1.0,1.0,0.3,0.0,0.0,0.0149318055656402,0.6666666666666666
0.0853932584269662,0.0,1.0,1.0,0.4,0.0,0.0,0.0154115752137492,0.6666666666666666
0.0865168539325841,0.0,1.0,1.0,0.4,0.0,0.0,0.0157125535690723,0.6666666666666666
0.0876404494382021,1.0,0.5,1.0,0.0,0.0,0.3333333333333333,0.0566042302488321,0.6666666666666666
0.0887640449438201,1.0,1.0,0.0,0.4,0.0,0.0,0.0243495783570407,0.6666666666666666
0.0898876404494381,0.0,1.0,1.0,0.3,0.0,0.0,0.0175668300772237,0.6666666666666666
0.091011235955056,1.0,1.0,1.0,0.4,0.0,0.0,0.0185427650815139,0.6666666666666666
0.092134831460674,1.0,1.0,0.0,0.4,0.0,0.0,0.01520018769182,0.3333333333333333
0.093258426966292,0.0,0.0,1.0,0.3,0.0,0.0,0.0919330774041378,0.6666666666666666
0.09438202247191,1.0,0.5,0.0,0.2,0.0,0.0,0.0204946350900944,0.6666666666666666
0.0955056179775279,1.0,1.0,0.0,0.4,0.375,0.0,0.0309371396359996,0.6666666666666666
0.0966292134831459,0.0,1.0,1.0,0.2,0.125,0.5,0.0670955315449519,0.6666666666666666
0.0977528089887639,0.0,1.0,1.0,0.4,0.0,0.0,0.0157125535690723,0.6666666666666666
0.0988764044943819,1.0,0.0,0.0,0.3,0.375,0.3333333333333333,0.5133418122566507,0.6666666666666666
0.0999999999999999,0.0,1.0,1.0,0.3,0.0,0.0,0.0157125535690723,0.6666666666666666
0.1011235955056178,0.0,1.0,1.0,0.4,0.0,0.0,0.0157125535690723,0.6666666666666666
0.1022471910112358,0.0,1.0,1.0,0.2,0.0,0.0,0.0153303774213923,0.6666666666666666
0.1033707865168538,0.0,0.0,1.0,0.6,0.125,0.0,0.1194056477749072,0.6666666666666666
0.1044943820224718,0.0,1.0,1.0,0.3,0.125,0.3333333333333333,0.0401597254265421,0.6666666666666666
0.1056179775280897,0.0,1.0,1.0,0.7,0.0,0.0,0.014151057562208,0.6666666666666666
0.1067415730337077,0.0,1.0,1.0,0.4,0.0,0.0,0.0157125535690723,0.6666666666666666
0.1078651685393257,0.0,0.0,1.0,0.9,0.0,0.0,0.0676404936513476,0.0
0.1089887640449437,1.0,0.0,1.0,0.3,0.0,0.1666666666666666,0.1236671655646408,0.0
0.1101123595505617,1.0,0.5,0.0,0.4,0.0,0.1666666666666666,0.0448930101973496,0.6666666666666666
0.1112359550561796,0.0,0.5,1.0,0.4,0.125,0.0,0.0507486202230909,0.6666666666666666
0.1123595505617976,0.0,1.0,0.0,0.3,0.0,0.0,0.0154115752137492,0.6666666666666666
0.1134831460674156,0.0,1.0,1.0,0.4,0.0,0.0,0.0154115752137492,0.6666666666666666
0.1146067415730336,0.0,0.0,1.0,0.3,0.0,0.1666666666666666,0.1508551532881592,0.6666666666666666
0.1157303370786515,0.0,1.0,1.0,0.4,0.0,0.0,0.0168918734282566,0.6666666666666666
0.1168539325842695,0.0,1.0,1.0,0.5,0.25,0.0,0.0154685698179998,0.6666666666666666
0.1179775280898875,0.0,1.0,1.0,0.3,0.0,0.0,0.0154115752137492,0.6666666666666666
0.1191011235955055,1.0,1.0,0.0,0.3,0.0,0.0,0.0149318055656402,0.6666666666666666
0.1202247191011235,1.0,1.0,1.0,0.4,0.0,0.0,0.0151757893167127,0.6666666666666666
0.1213483146067414,0.0,1.0,1.0,0.5,0.0,0.0,0.0154115752137492,0.6666666666666666
0.1224719101123594,1.0,1.0,0.0,0.4,0.125,0.0,0.0471376607072171,0.3333333333333333
0.1235955056179774,0.0,0.0,1.0,0.6,0.0,0.0,0.1014972404461818,0.6666666666666666
0.1247191011235954,0.0,1.0,0.0,0.2,0.125,0.0,0.0282127194780231,0.0
0.1258426966292134,0.0,1.0,1.0,0.3,0.0,0.0,0.0157125535690723,0.6666666666666666
0.1269662921348314,0.0,1.0,0.0,0.2,0.125,0.0,0.0191771228343026,0.6666666666666666
0.1280898876404493,0.0,1.0,0.0,0.2,0.0,0.0,0.0282207221450582,0.0
0.1292134831460673,0.0,1.0,1.0,0.3,0.0,0.0,0.0154685698179998,0.6666666666666666
0.1303370786516853,0.0,1.0,1.0,0.9,0.0,0.0,0.0151269925664982,0.3333333333333333
0.1314606741573033,0.0,0.5,1.0,0.4,0.125,0.0,0.0409892701801888,0.6666666666666666
0.1325842696629212,0.0,0.0,1.0,0.3,0.0,0.1666666666666666,0.4831284260198326,0.0
0.1337078651685392,0.0,1.0,0.0,0.0,0.5,0.3333333333333333,0.0610447345183526,0.6666666666666666
0.1348314606741572,0.0,0.5,1.0,0.3,0.25,0.0,0.1434624456306609,0.6666666666666666
0.1359550561797752,0.0,1.0,1.0,0.4,0.0,0.0,0.0157125535690723,0.6666666666666666
0.1370786516853931,0.0,0.5,1.0,0.4,0.125,0.0,0.0586942926540201,0.0
0.1382022471910111,1.0,0.5,0.0,0.4,0.0,0.0,0.0253743101115454,0.6666666666666666
0.1393258426966291,0.0,0.0,1.0,0.7,0.0,0.1666666666666666,0.1508551532881592,0.6666666666666666
0.1404494382022471,1.0,1.0,1.0,0.1,0.125,0.0,0.0219423370754585,0.0
0.1415730337078651,0.0,1.0,1.0,0.4,0.0,0.0,0.0151269925664982,0.3333333333333333
0.142696629213483,1.0,1.0,1.0,0.3,0.0,0.0,0.0139396700402787,0.6666666666666666
0.143820224719101,1.0,1.0,0.0,0.4,0.125,0.1666666666666666,0.0436404952128436,0.0
0.144943820224719,0.0,1.0,1.0,0.6,0.0,0.0,0.0136142933098484,0.6666666666666666
0.146067415730337,0.0,1.0,1.0,0.4,0.0,0.0,0.0154115752137492,0.0
0.1471910112359549,0.0,1.0,1.0,0.2,0.0,0.0,0.0137606835604919,0.6666666666666666
0.1483146067415729,0.0,1.0,0.0,0.6,0.125,0.0,0.028302115124416,0.6666666666666666
0.1494382022471909,1.0,0.5,0.0,0.4,0.125,0.0,0.0507486202230909,0.6666666666666666
0.1505617977528089,0.0,0.5,1.0,0.3,0.0,0.0,0.0253743101115454,0.6666666666666666
0.1516853932584268,0.0,0.5,1.0,0.3,0.0,0.0,0.0293674457750992,0.0
0.1528089887640448,1.0,0.0,0.0,0.2,0.0,0.3333333333333333,0.0513015849965217,0.6666666666666666
0.1539325842696628,0.0,0.0,1.0,0.5,0.125,0.0,0.1036442974556203,0.6666666666666666
0.1550561797752808,0.0,1.0,1.0,0.2,0.0,0.0,0.0179898003080831,0.6666666666666666
0.1561797752808988,0.0,0.0,1.0,0.3,0.0,0.0,0.1545881046795693,0.0
0.1573033707865167,0.0,1.0,0.0,0.4,0.0,0.3333333333333333,0.0297578197768153,0.0
0.1584269662921347,1.0,1.0,0.0,0.3,0.0,0.0,0.0151269925664982,0.6666666666666666
0.1595505617977527,1.0,1.0,0.0,0.3,0.125,0.0,0.0309371396359996,0.6666666666666666
0.1606741573033707,0.0,1.0,1.0,0.2,0.0,0.0,0.0131751225579178,0.3333333333333333
0.1617977528089886,0.0,0.5,1.0,0.2,0.0,0.0,0.0224465050986748,0.6666666666666666
0.1629213483146066,0.0,0.5,1.0,0.2,0.125,0.1666666666666666,0.0717312228153304,0.6666666666666666
0.1640449438202246,1.0,1.0,1.0,0.3,0.0,0.0,0.0152163882128912,0.6666666666666666
0.1651685393258426,0.0,1.0,0.0,0.1,0.25,0.3333333333333333,0.0670955315449519,0.6666666666666666
0.1662921348314606,0.0,0.5,1.0,0.5,0.0,0.3333333333333333,0.0507486202230909,0.6666666666666666
0.1674157303370785,0.0,0.5,1.0,0.5,0.0,0.0,0.0253743101115454,0.6666666666666666
0.1685393258426965,0.0,0.5,1.0,0.6,0.0,0.0,0.0244471718574697,0.6666666666666666
0.1696629213483145,1.0,0.0,0.0,0.3,0.125,0.0,0.1299945425714559,0.6666666666666666
0.1707865168539325,0.0,1.0,1.0,0.7,0.0,0.0,0.0157125535690723,0.6666666666666666
0.1719101123595505,0.0,1.0,1.0,0.5,0.0,0.3333333333333333,0.028302115124416,0.6666666666666666
0.1730337078651684,0.0,1.0,1.0,0.4,0.0,0.0,0.0142730494377443,0.6666666666666666
0.1741573033707864,0.0,0.0,1.0,0.6,0.0,0.1666666666666666,0.1198042196306593,0.0
0.1752808988764044,1.0,1.0,0.0,0.2,0.0,0.0,0.0150943963373549,0.3333333333333333
0.1764044943820224,0.0,1.0,1.0,0.4,0.0,0.0,0.0157125535690723,0.6666666666666666
0.1775280898876403,0.0,1.0,1.0,0.4,0.0,0.0,0.0169080739493278,0.6666666666666666
0.1786516853932583,0.0,1.0,1.0,0.4,1.0,0.3333333333333333,0.1357525590967682,0.6666666666666666
0.1797752808988763,0.0,1.0,1.0,0.5,0.0,0.1666666666666666,0.0314251071381447,0.6666666666666666
0.1808988764044943,1.0,0.5,0.0,0.5,0.0,0.0,0.0307419526351416,0.6666666666666666
0.1820224719101123,0.0,1.0,1.0,0.3,0.0,0.0,0.0151757893167127,0.6666666666666666
0.1831460674157302,0.0,1.0,1.0,0.2,0.0,0.0,0.0169080739493278,0.6666666666666666
0.1842696629213482,0.0,1.0,1.0,0.0,0.5,0.1666666666666666,0.0774648409655354,0.6666666666666666
0.1853932584269662,1.0,1.0,1.0,0.1,0.0,0.3333333333333333,0.0400621319261131,0.6666666666666666
0.1865168539325842,1.0,0.0,0.0,0.4,0.0,0.1666666666666666,0.1073528504719231,0.6666666666666666
0.1876404494382021,0.0,1.0,0.0,0.6,0.125,0.6666666666666666,0.0544571732393937,0.6666666666666666
0.1887640449438201,0.0,0.0,1.0,0.4,0.0,0.0,0.0506022299724474,0.6666666666666666
0.1898876404494381,0.0,1.0,1.0,0.3,0.0,0.0,0.1102724576307577,0.6666666666666666
0.1910112359550561,0.0,0.0,1.0,0.8,0.0,0.0,0.065387645287444,0.6666666666666666
0.192134831460674,0.0,1.0,1.0,0.0,0.5,0.1666666666666666,0.0568482139999047,0.3333333333333333
0.193258426966292,1.0,1.0,0.0,0.0,0.125,0.1666666666666666,0.0217307543665283,0.6666666666666666
0.19438202247191,0.0,1.0,1.0,0.3,0.0,0.0,0.0154685698179998,0.6666666666666666
0.195505617977528,0.0,0.0,1.0,0.7,0.0,0.0,0.0599142114093828,0.0
0.196629213483146,0.0,1.0,1.0,0.2,0.125,0.1666666666666666,0.0153303774213923,0.6666666666666666
0.1977528089887639,0.0,1.0,1.0,0.4,0.375,0.1666666666666666,0.049707687947515,0.6666666666666666
0.1988764044943819,0.0,0.0,0.0,0.6,0.0,0.0,0.0560430676213653,0.0
0.1999999999999999,0.0,0.5,1.0,0.4,0.0,0.0,0.0253743101115454,0.6666666666666666
0.2011235955056179,0.0,1.0,1.0,0.4,0.0,0.0,0.0,0.6666666666666666
0.2022471910112358,0.0,1.0,0.0,0.4,1.0,0.3333333333333333,0.1357525590967682,0.6666666666666666
0.2033707865168538,0.0,0.5,1.0,0.4,0.0,0.0,0.0293756436291353,0.0
0.2044943820224718,0.0,1.0,1.0,0.1,0.5,0.3333333333333333,0.0612643198943179,0.6666666666666666
0.2056179775280898,1.0,0.5,1.0,0.0,0.25,0.1666666666666666,0.0761229303346364,0.6666666666666666
0.2067415730337077,1.0,1.0,0.0,0.0,0.0,0.3333333333333333,0.0429899369389837,0.6666666666666666
0.2078651685393257,0.0,0.0,1.0,0.4,0.0,0.0,0.097593500429021,0.6666666666666666
0.2089887640449437,1.0,1.0,0.0,0.4,0.125,0.0,0.0302539851329965,0.3333333333333333
0.2101123595505617,1.0,0.0,1.0,0.6,0.0,0.0,0.0518221487278101,0.6666666666666666
0.2112359550561797,0.0,1.0,1.0,0.5,0.125,0.1666666666666666,0.0302539851329965,0.3333333333333333
0.2123595505617976,0.0,1.0,1.0,0.4,0.0,0.0,0.0154115752137492,0.6666666666666666
0.2134831460674156,1.0,0.5,0.0,0.4,0.0,0.0,0.0253743101115454,0.6666666666666666
0.2146067415730336,0.0,0.5,1.0,0.2,0.0,0.0,0.0253743101115454,0.6666666666666666
0.2157303370786516,1.0,1.0,0.0,0.2,0.125,0.0,0.0153303774213923,0.6666666666666666
0.2168539325842696,1.0,0.5,1.0,0.0,0.125,0.1666666666666666,0.0507486202230909,0.6666666666666666
0.2179775280898875,1.0,0.0,0.0,0.5,0.0,0.0,0.0541073981338561,0.0
0.2191011235955055,1.0,0.0,0.0,0.7,0.0,0.0,0.2859895551532101,0.0
0.2202247191011235,0.0,1.0,1.0,0.4,0.0,0.0,0.0151269925664982,0.3333333333333333
0.2213483146067415,0.0,1.0,1.0,0.5,0.0,0.1666666666666666,0.0164039059261115,0.6666666666666666
0.2224719101123595,1.0,1.0,0.0,0.4,0.0,0.0,0.0151269925664982,0.3333333333333333
0.2235955056179774,0.0,0.5,0.0,0.3,0.0,0.0,0.0253743101115454,0.6666666666666666
0.2247191011235954,0.0,1.0,1.0,0.3,0.0,0.0,0.0185427650815139,0.6666666666666666
0.2258426966292134,0.0,1.0,1.0,0.4,1.0,0.3333333333333333,0.1357525590967682,0.6666666666666666
0.2269662921348314,0.0,1.0,1.0,0.4,0.0,0.0,0.0126789572017366,0.6666666666666666
0.2280898876404493,0.0,1.0,1.0,0.6,0.0,0.0,0.0141022608119935,0.0
0.2292134831460673,1.0,1.0,1.0,0.2,0.0,0.0,0.0157125535690723,0.6666666666666666
0.2303370786516853,0.0,1.0,0.0,0.0,0.0,0.1666666666666666,0.0204214399647726,0.6666666666666666
0.2314606741573033,0.0,1.0,1.0,0.4,0.125,0.0,0.0309371396359996,0.6666666666666666
0.2325842696629212,1.0,1.0,1.0,0.3,0.0,0.0,0.0366707577862046,0.0
0.2337078651685392,1.0,1.0,0.0,0.2,0.0,0.0,0.0151269925664982,0.3333333333333333
0.2348314606741572,1.0,0.0,1.0,0.5,0.0,0.0,0.060507970265993,0.0
0.2359550561797752,0.0,1.0,1.0,0.3,0.0,0.0,0.0137606835604919,0.6666666666666666
0.2370786516853932,1.0,0.5,0.0,0.4,0.0,0.0,0.0409892701801888,0.6666666666666666
0.2382022471910111,0.0,1.0,1.0,0.3,0.0,0.0,0.014151057562208,0.6666666666666666
0.2393258426966291,0.0,0.5,1.0,0.4,0.0,0.0,0.0253743101115454,0.6666666666666666
0.2404494382022471,0.0,1.0,1.0,0.4,0.125,0.0,0.0151269925664982,0.3333333333333333
0.2415730337078651,1.0,0.0,0.0,0.4,0.125,0.0,0.2210980752219471,0.0
0.242696629213483,1.0,1.0,0.0,0.3,0.0,0.0,0.0154685698179998,0.6666666666666666
0.243820224719101,0.0,0.5,1.0,0.5,0.125,0.0,0.0527004902316713,0.6666666666666666
0.244943820224719,1.0,0.0,0.0,0.4,0.0,0.0,0.1489114811336148,0.0
0.246067415730337,0.0,0.5,1.0,0.4,0.0,0.0,0.0204946350900944,0.6666666666666666
0.2471910112359549,1.0,1.0,1.0,0.2,0.0,0.0,0.0157125535690723,0.6666666666666666
0.2483146067415729,0.0,0.5,1.0,0.3,0.0,0.0,0.0253743101115454,0.6666666666666666
0.2494382022471909,0.0,1.0,1.0,0.6,0.0,0.0,0.0157125535690723,0.6666666666666666
0.2505617977528089,0.0,1.0,1.0,0.4,0.0,0.0,0.0154115752137492,0.6666666666666666
0.2516853932584269,1.0,0.0,1.0,0.5,0.125,0.0,0.1756683007722378,0.6666666666666666
0.2528089887640448,0.0,1.0,1.0,0.3,0.0,0.0,0.0182499845802269,0.6666666666666666
0.2539325842696629,1.0,0.5,1.0,0.2,0.0,0.0,0.0204946350900944,0.6666666666666666
0.2550561797752808,0.0,1.0,1.0,0.3,0.0,0.0,0.014151057562208,0.6666666666666666
0.2561797752808988,0.0,0.5,1.0,0.2,0.0,0.0,0.0253743101115454,0.6666666666666666
0.2573033707865168,0.0,1.0,0.0,0.4,0.375,0.1666666666666666,0.049707687947515,0.6666666666666666
0.2584269662921347,1.0,0.0,0.0,0.4,0.125,0.0,0.1629323489662505,0.6666666666666666
0.2595505617977527,0.0,1.0,1.0,0.4,0.0,0.0,0.0151757893167127,0.6666666666666666
0.2606741573033707,0.0,0.5,1.0,0.7,0.0,0.0,0.0263502451158356,0.6666666666666666
0.2617977528089887,1.0,1.0,0.0,0.1,0.5,0.3333333333333333,0.0612643198943179,0.6666666666666666
0.2629213483146067,0.0,0.5,1.0,0.3,0.0,0.0,0.0204946350900944,0.6666666666666666
0.2640449438202246,0.0,1.0,0.0,0.4,0.0,0.0,0.0147366185647821,0.6666666666666666
0.2651685393258426,0.0,0.5,1.0,0.5,0.125,0.0,0.0507486202230909,0.6666666666666666
0.2662921348314606,1.0,0.5,0.0,0.1,0.0,0.3333333333333333,0.051236587725236,0.6666666666666666
0.2674157303370785,0.0,0.5,1.0,0.2,0.0,0.0,0.0204946350900944,0.6666666666666666
0.2685393258426966,0.0,0.5,1.0,0.4,0.0,0.0,0.0239592043553246,0.6666666666666666
0.2696629213483145,0.0,1.0,0.0,0.4,0.125,0.0,0.0282127194780231,0.0
0.2707865168539325,1.0,1.0,0.0,0.4,0.125,0.0,0.0302539851329965,0.3333333333333333
0.2719101123595505,0.0,0.5,1.0,0.4,0.0,0.0,0.0204946350900944,0.6666666666666666
0.2730337078651684,0.0,1.0,1.0,0.3,0.0,0.0,0.0139070738111354,0.6666666666666666
0.2741573033707864,0.0,1.0,1.0,0.4,0.0,0.0,0.0141022608119935,0.0
0.2752808988764044,0.0,0.0,1.0,0.5,0.25,0.0,0.1756683007722378,0.3333333333333333
0.2764044943820224,0.0,1.0,0.0,0.3,0.0,0.0,0.0151757893167127,0.6666666666666666
0.2775280898876404,1.0,0.5,0.0,0.3,0.0,0.3333333333333333,0.028302115124416,0.6666666666666666
0.2786516853932583,1.0,0.0,1.0,0.5,0.125,0.1666666666666666,0.1025789668049371,0.6666666666666666
0.2797752808988763,0.0,0.5,1.0,0.7,0.125,0.0,0.0507486202230909,0.6666666666666666
0.2808988764044943,0.0,1.0,1.0,0.4,0.0,0.0,0.014151057562208,0.6666666666666666
0.2820224719101122,0.0,1.0,0.0,0.4,0.125,0.1666666666666666,0.0204214399647726,0.6666666666666666
0.2831460674157303,0.0,0.0,1.0,0.8,0.0,0.0,0.0518221487278101,0.6666666666666666
0.2842696629213482,0.0,1.0,1.0,0.4,0.125,0.0,0.0314251071381447,0.6666666666666666
0.2853932584269662,0.0,1.0,0.0,0.5,0.0,0.3333333333333333,0.0394521725484317,0.6666666666666666
0.2865168539325842,1.0,1.0,0.0,0.4,0.0,0.3333333333333333,0.0297578197768153,0.0
0.2876404494382022,1.0,0.0,0.0,0.4,0.0,0.0,0.1545881046795693,0.0
0.2887640449438201,1.0,0.0,0.0,0.4,0.0,0.0,0.1688367557422063,0.6666666666666666
0.2898876404494381,1.0,0.0,0.0,0.4,0.0,0.0,1.0,0.0
0.2910112359550561,1.0,0.5,0.0,0.6,0.0,0.1666666666666666,0.0507486202230909,0.6666666666666666
0.2921348314606741,0.0,1.0,1.0,0.4,0.0,0.0,0.0151269925664982,0.3333333333333333
0.2932584269662921,1.0,1.0,1.0,0.0,0.5,0.3333333333333333,0.0612643198943179,0.6666666666666666
0.29438202247191,0.0,0.0,1.0,0.6,0.125,0.1666666666666666,0.1554664461834305,0.6666666666666666
0.295505617977528,0.0,0.0,1.0,0.5,0.0,0.0,0.0,0.6666666666666666
0.296629213483146,0.0,1.0,0.0,0.4,0.0,0.0,0.0151269925664982,0.3333333333333333
0.297752808988764,0.0,0.5,1.0,0.4,0.0,0.0,0.0204946350900944,0.6666666666666666
0.298876404494382,0.0,1.0,1.0,0.2,0.5,0.1666666666666666,0.0774648409655354,0.6666666666666666
0.2999999999999999,1.0,1.0,1.0,0.3,0.125,0.0,0.0151757893167127,0.6666666666666666
0.3011235955056179,1.0,0.0,0.0,0.7,0.0,0.1666666666666666,0.2995388511917728,0.6666666666666666
0.3022471910112359,1.0,0.0,0.0,0.4,0.0,0.0,0.2647385704347907,0.6666666666666666
0.3033707865168538,0.0,0.0,1.0,0.4,0.0,0.0,0.060507970265993,0.6666666666666666
0.3044943820224718,1.0,1.0,1.0,0.3,0.0,0.0,0.0,0.6666666666666666
0.3056179775280898,1.0,0.5,0.0,0.5,0.0,0.1666666666666666,0.0380614651673182,0.6666666666666666
0.3067415730337078,0.0,0.0,1.0,0.5,0.0,0.1666666666666666,0.0579705392548384,0.0
0.3078651685393258,1.0,1.0,0.0,0.4,0.0,0.0,0.0151269925664982,0.3333333333333333
0.3089887640449437,1.0,0.0,0.0,0.8,0.125,0.0,0.1521644676899149,0.6666666666666666
0.3101123595505617,0.0,1.0,0.0,0.6,0.0,0.0,0.0151269925664982,0.6666666666666666
0.3112359550561797,0.0,0.5,1.0,0.4,0.0,0.0,0.0,0.6666666666666666
0.3123595505617977,0.0,1.0,1.0,0.1,0.5,0.1666666666666666,0.0568482139999047,0.3333333333333333
0.3134831460674157,1.0,1.0,0.0,0.4,0.125,0.1666666666666666,0.0395253676737535,0.6666666666666666
0.3146067415730336,0.0,1.0,1.0,0.8,0.0,0.0,0.0151269925664982,0.3333333333333333
0.3157303370786516,0.0,1.0,1.0,0.3,0.0,0.0,0.0153303774213923,0.6666666666666666
0.3168539325842696,0.0,1.0,1.0,0.2,0.0,0.0,0.0185427650815139,0.6666666666666666
0.3179775280898875,1.0,1.0,1.0,0.2,0.0,0.0,0.0157125535690723,0.6666666666666666
0.3191011235955055,0.0,0.0,1.0,0.4,0.0,0.0,0.0507486202230909,0.6666666666666666
0.3202247191011235,0.0,1.0,1.0,0.4,0.0,0.0,0.0169080739493278,0.0
0.3213483146067415,1.0,1.0,1.0,0.4,0.0,0.0,0.0185427650815139,0.6666666666666666
0.3224719101123595,0.0,1.0,1.0,0.3,0.0,0.0,0.0154115752137492,0.6666666666666666
0.3235955056179774,1.0,0.5,1.0,0.5,0.0,0.0,0.0253743101115454,0.6666666666666666
0.3247191011235954,1.0,1.0,0.0,0.3,0.0,0.0,0.0151269925664982,0.3333333333333333
0.3258426966292134,1.0,0.0,0.0,0.3,0.0,0.0,0.1539049501765661,0.6666666666666666
0.3269662921348313,1.0,0.0,0.0,0.2,0.125,0.0,0.1777747588854978,0.0
0.3280898876404494,0.0,0.5,1.0,0.4,0.0,0.0,0.0251303263604729,0.0
0.3292134831460673,0.0,1.0,0.0,0.3,0.0,0.0,0.0172740495759367,0.6666666666666666
0.3303370786516853,0.0,1.0,1.0,0.3,0.0,0.0,0.0154115752137492,0.6666666666666666
0.3314606741573033,0.0,0.0,1.0,0.4,0.0,0.0,0.0541073981338561,0.0
0.3325842696629213,0.0,1.0,1.0,0.3,0.0,0.0,0.0141104586660295,0.0
0.3337078651685392,0.0,0.0,0.0,0.0,0.125,0.3333333333333333,0.2958058998003627,0.6666666666666666
0.3348314606741572,1.0,0.0,1.0,0.4,0.0,0.0,0.0595320352617028,0.6666666666666666
0.3359550561797752,1.0,0.0,0.0,0.6,0.0,0.1666666666666666,0.4831284260198326,0.0
0.3370786516853932,1.0,1.0,0.0,0.4,0.0,0.0,0.0151269925664982,0.3333333333333333
0.3382022471910112,1.0,1.0,1.0,0.4,0.25,0.0,0.0453809776994947,0.3333333333333333
0.3393258426966291,0.0,1.0,1.0,0.2,0.0,0.0,0.0,0.6666666666666666
0.3404494382022471,1.0,0.5,0.0,0.4,0.0,0.0,0.0241055946059681,0.3333333333333333
0.3415730337078651,0.0,1.0,1.0,0.4,0.0,0.0,0.0157125535690723,0.6666666666666666
0.3426966292134831,1.0,0.0,1.0,0.0,0.125,0.3333333333333333,0.2958058998003627,0.6666666666666666
0.3438202247191011,1.0,0.0,0.0,0.4,0.0,0.0,0.2164297877224253,0.0
0.344943820224719,1.0,0.0,0.0,0.2,0.125,0.0,0.2125586439344078,0.0
0.346067415730337,0.0,0.5,1.0,0.4,0.125,0.0,0.04684488020593,0.0
0.347191011235955,1.0,0.0,0.0,0.4,0.0,0.0,0.1111183980924764,0.0
0.3483146067415729,1.0,0.0,0.0,0.3,0.0,0.0,0.1623141917345331,0.0
0.349438202247191,1.0,0.0,0.0,0.2,0.25,0.3333333333333333,0.5121218935012878,0.0
0.3505617977528089,0.0,0.5,0.0,0.3,0.125,0.1666666666666666,0.0507486202230909,0.6666666666666666
0.3516853932584269,0.0,1.0,1.0,0.3,0.0,0.0,0.0154115752137492,0.6666666666666666
0.3528089887640449,0.0,0.5,1.0,0.5,0.125,0.1666666666666666,0.051236587725236,0.6666666666666666
0.3539325842696628,1.0,1.0,0.0,0.3,0.0,0.0,0.0153303774213923,0.6666666666666666
0.3550561797752808,1.0,0.5,0.0,0.3,0.125,0.0,0.0507486202230909,0.6666666666666666
0.3561797752808988,0.0,0.5,1.0,0.7,0.0,0.0,0.0273261801201258,0.6666666666666666
0.3573033707865168,1.0,0.0,0.0,0.4,0.0,0.3333333333333333,0.3217983671436256,0.6666666666666666
0.3584269662921348,1.0,0.0,0.0,0.5,0.125,0.1666666666666666,0.2625265161540666,0.0
0.3595505617977527,0.0,1.0,1.0,0.3,0.0,0.0,0.014151057562208,0.6666666666666666
0.3606741573033707,0.0,1.0,1.0,0.3,0.0,0.0,0.0154115752137492,0.6666666666666666
0.3617977528089887,1.0,0.5,0.0,0.4,0.0,0.0,0.0241055946059681,0.3333333333333333
0.3629213483146066,1.0,0.5,0.0,0.3,0.125,0.1666666666666666,0.0566042302488321,0.6666666666666666
0.3640449438202247,0.0,1.0,1.0,0.4,1.0,0.3333333333333333,0.1357525590967682,0.6666666666666666
0.3651685393258426,1.0,0.0,0.0,0.4,0.0,0.0,0.2647385704347907,0.0
0.3662921348314606,0.0,1.0,1.0,0.8,0.0,0.0,0.0121747891785203,0.6666666666666666
0.3674157303370786,1.0,0.5,0.0,0.4,0.0,0.0,0.0253743101115454,0.6666666666666666
0.3685393258426965,1.0,1.0,0.0,0.4,0.125,0.1666666666666666,0.0400621319261131,0.6666666666666666
0.3696629213483145,1.0,0.0,0.0,0.2,0.0,0.1666666666666666,0.1131678616014859,0.0
0.3707865168539325,1.0,1.0,0.0,0.4,0.25,0.0,0.0453809776994947,0.3333333333333333
0.3719101123595505,0.0,0.0,1.0,0.6,0.0,0.0,0.0556282952445419,0.6666666666666666
0.3730337078651685,0.0,0.0,1.0,0.5,0.0,0.1666666666666666,0.2995388511917728,0.6666666666666666
0.3741573033707864,0.0,1.0,1.0,0.2,0.25,0.0,0.0351336601544475,0.6666666666666666
0.3752808988764043,1.0,0.0,0.0,0.4,0.125,0.0,0.2608674266467732,0.6666666666666666
0.3764044943820224,0.0,1.0,1.0,0.4,0.0,0.0,0.0154115752137492,0.6666666666666666
0.3775280898876403,0.0,0.0,1.0,0.4,0.125,0.0,0.1299945425714559,0.6666666666666666
0.3786516853932583,1.0,0.0,0.0,0.5,0.0,0.0,0.2625265161540666,0.0
0.3797752808988763,1.0,1.0,1.0,0.6,0.0,0.0,0.0157125535690723,0.6666666666666666
0.3808988764044942,0.0,0.0,1.0,0.6,0.0,0.0,0.0692913853046049,0.6666666666666666
0.3820224719101123,1.0,0.5,1.0,0.0,0.125,0.1666666666666666,0.0507486202230909,0.6666666666666666
0.3831460674157302,1.0,0.0,0.0,0.3,0.375,0.3333333333333333,0.5133418122566507,0.6666666666666666
0.3842696629213482,0.0,0.5,1.0,0.3,0.0,0.0,0.0253743101115454,0.6666666666666666
0.3853932584269662,0.0,0.5,1.0,0.3,0.0,0.0,0.0253743101115454,0.6666666666666666
0.3865168539325841,0.0,0.5,1.0,0.4,0.0,0.0,0.0253743101115454,0.6666666666666666
0.3876404494382022,1.0,0.5,0.0,0.3,0.0,0.0,0.0253743101115454,0.6666666666666666
0.3887640449438201,1.0,0.5,0.0,0.5,0.0,0.0,0.0253743101115454,0.6666666666666666
0.3898876404494381,1.0,1.0,0.0,0.4,0.125,0.0,0.0314251071381447,0.6666666666666666
0.3910112359550561,1.0,1.0,1.0,0.0,0.125,0.1666666666666666,0.0310347331364286,0.6666666666666666
0.392134831460674,0.0,1.0,1.0,0.5,0.0,0.0,0.0169080739493278,0.6666666666666666
0.393258426966292,0.0,1.0,1.0,0.3,0.0,0.0,0.0180060008291543,0.6666666666666666
0.39438202247191,0.0,0.0,1.0,0.4,0.0,0.0,0.0683154503003147,0.6666666666666666
0.395505617977528,0.0,1.0,1.0,0.2,0.125,0.1666666666666666,0.0141104586660295,0.0
0.396629213483146,0.0,1.0,1.0,0.3,0.125,0.0,0.0347432861527314,0.6666666666666666
0.397752808988764,0.0,1.0,1.0,0.4,0.0,0.0,0.0141022608119935,0.0
0.3988764044943819,0.0,1.0,1.0,0.3,0.0,0.0,0.0185427650815139,0.6666666666666666
0.3999999999999999,1.0,0.0,0.0,0.3,0.0,0.1666666666666666,0.1073528504719231,0.6666666666666666
0.4011235955056179,0.0,0.5,0.0,0.5,0.0,0.0,0.0253743101115454,0.6666666666666666
0.4022471910112359,1.0,1.0,0.0,0.4,0.0,0.0,0.0153791741716068,0.3333333333333333
0.4033707865168539,1.0,1.0,0.0,0.4,0.0,0.0,0.0153791741716068,0.3333333333333333
0.4044943820224718,0.0,1.0,1.0,0.5,0.125,0.6666666666666666,0.0544571732393937,0.6666666666666666
0.4056179775280898,0.0,0.5,1.0,0.4,0.125,0.0,0.0541073981338561,0.0
0.4067415730337078,0.0,1.0,0.0,0.6,0.0,0.1666666666666666,0.0282127194780231,0.0
0.4078651685393257,0.0,1.0,1.0,0.4,0.0,0.0,0.0137606835604919,0.6666666666666666
0.4089887640449438,0.0,1.0,1.0,0.4,0.125,0.0,0.0302539851329965,0.3333333333333333
0.4101123595505617,0.0,1.0,1.0,0.4,0.0,0.0,0.014151057562208,0.6666666666666666
0.4112359550561797,1.0,0.0,0.0,0.7,0.125,0.0,0.1468782181456766,0.0
0.4123595505617977,1.0,1.0,0.0,0.4,0.0,0.0,0.0141104586660295,0.0
0.4134831460674156,1.0,1.0,0.0,0.4,0.0,0.0,0.0151269925664982,0.3333333333333333
0.4146067415730335,1.0,0.0,0.0,0.3,0.0,0.0,0.1352645915946231,0.0
0.4157303370786516,1.0,0.0,1.0,0.3,0.125,0.0,0.1082149914547131,0.0
0.4168539325842696,0.0,1.0,1.0,0.2,0.125,0.0,0.0126789572017366,0.6666666666666666
0.4179775280898876,0.0,1.0,1.0,0.2,0.0,0.0,0.0157125535690723,0.6666666666666666
0.4191011235955055,0.0,0.0,1.0,0.3,0.0,0.0,0.2647385704347907,0.0
0.4202247191011234,0.0,1.0,0.0,0.0,0.375,0.1666666666666666,0.0411356604308323,0.6666666666666666
0.4213483146067415,1.0,0.0,0.0,0.4,0.125,0.0,0.16038672010106,0.0
0.4224719101123594,1.0,1.0,0.0,0.3,0.0,0.0,0.014151057562208,0.6666666666666666
0.4235955056179775,0.0,0.0,1.0,0.3,0.0,0.3333333333333333,0.4128205068147589,0.0
0.4247191011235954,0.0,1.0,1.0,0.2,0.0,0.0,0.0078318784094289,0.0
0.4258426966292133,0.0,1.0,1.0,0.2,0.0,0.0,0.0151757893167127,0.6666666666666666
0.4269662921348314,1.0,0.0,0.0,0.5,0.0,0.0,0.4440992237022602,0.0
0.4280898876404493,1.0,1.0,0.0,0.0,0.0,0.3333333333333333,0.0307257521140704,0.0
0.4292134831460673,0.0,1.0,1.0,0.4,0.0,0.0,0.0154685698179998,0.6666666666666666
0.4303370786516853,1.0,0.0,0.0,0.4,0.125,0.0,0.1014972404461818,0.6666666666666666
0.4314606741573032,0.0,1.0,1.0,0.4,0.0,0.0,0.0154115752137492,0.6666666666666666
0.4325842696629213,0.0,0.5,1.0,0.2,0.0,0.0,0.1434624456306609,0.6666666666666666
0.4337078651685392,0.0,1.0,1.0,0.0,0.625,0.3333333333333333,0.0915427034024217,0.6666666666666666
0.4348314606741572,1.0,0.5,0.0,0.4,0.0,0.0,0.0253743101115454,0.6666666666666666
0.4359550561797752,0.0,1.0,1.0,0.4,0.0,0.0,0.0150863936703197,0.3333333333333333
0.4370786516853931,1.0,0.5,0.0,0.2,0.0,0.0,0.023422440102965,0.0
0.4382022471910112,1.0,0.0,1.0,0.4,0.125,0.3333333333333333,0.2342244010296504,0.6666666666666666
0.4393258426966291,1.0,1.0,1.0,0.3,0.0,0.0,0.0152163882128912,0.6666666666666666
0.4404494382022471,0.0,1.0,1.0,0.3,0.25,0.0,0.0154685698179998,0.6666666666666666
0.4415730337078651,1.0,0.0,0.0,0.3,0.125,0.0,0.2210980752219471,0.0
0.4426966292134831,1.0,1.0,0.0,0.3,0.0,0.3333333333333333,0.032596229143293,0.6666666666666666
0.443820224719101,0.0,1.0,1.0,0.3,0.0,0.0,0.0152163882128912,0.6666666666666666
0.444943820224719,0.0,1.0,0.0,0.4,0.0,0.0,0.0153303774213923,0.6666666666666666
0.446067415730337,0.0,0.5,1.0,0.6,0.0,0.0,0.0507486202230909,0.6666666666666666
0.447191011235955,0.0,0.5,1.0,0.3,0.0,0.0,0.0204946350900944,0.6666666666666666
0.448314606741573,1.0,0.5,0.0,0.3,0.0,0.0,0.0246911556085423,0.6666666666666666
0.4494382022471909,1.0,1.0,1.0,0.5,0.0,0.0,0.0154685698179998,0.6666666666666666
0.4505617977528089,0.0,1.0,1.0,0.3,0.0,0.0,0.0157125535690723,0.6666666666666666
0.4516853932584269,0.0,1.0,0.0,0.3,0.125,0.0,0.0191771228343026,0.6666666666666666
0.4528089887640449,0.0,1.0,1.0,0.3,0.125,0.0,0.0309371396359996,0.6666666666666666
0.4539325842696629,0.0,1.0,0.0,0.2,0.0,0.0,0.0169080739493278,0.6666666666666666
0.4550561797752808,0.0,0.5,1.0,0.4,0.125,0.0,0.0409892701801888,0.6666666666666666
0.4561797752808988,0.0,1.0,1.0,0.6,0.0,0.0,0.0151269925664982,0.6666666666666666
0.4573033707865168,1.0,0.5,1.0,0.0,0.125,0.1666666666666666,0.0365975626608828,0.6666666666666666
0.4584269662921347,0.0,1.0,1.0,0.3,0.0,0.0,0.0151757893167127,0.6666666666666666
0.4595505617977526,0.0,1.0,0.0,0.4,0.375,0.1666666666666666,0.049707687947515,0.6666666666666666
0.4606741573033707,0.0,1.0,1.0,0.4,0.0,0.0,0.0154115752137492,0.6666666666666666
0.4617977528089887,0.0,1.0,1.0,0.4,0.0,0.0,0.013386510079847,0.3333333333333333
0.4629213483146067,1.0,0.0,0.0,0.4,0.125,0.0,0.1756683007722378,0.3333333333333333
0.4640449438202246,0.0,0.5,1.0,0.4,0.0,0.0,0.0,0.6666666666666666
0.4651685393258425,1.0,1.0,1.0,0.5,0.0,0.0,0.0154685698179998,0.6666666666666666
0.4662921348314606,0.0,1.0,0.0,0.4,0.0,0.0,0.0157125535690723,0.6666666666666666
0.4674157303370786,1.0,0.5,0.0,0.4,0.125,0.1666666666666666,0.0634357752788636,0.6666666666666666
0.4685393258426966,1.0,0.5,0.0,0.2,0.0,0.3333333333333333,0.0253743101115454,0.6666666666666666
0.4696629213483145,0.0,0.5,1.0,0.4,0.0,0.0,0.0253743101115454,0.6666666666666666
0.4707865168539324,0.0,1.0,0.0,0.1,0.0,0.3333333333333333,0.0471376607072171,0.6666666666666666
0.4719101123595505,0.0,1.0,1.0,0.4,0.0,0.0,0.0154115752137492,0.0
0.4730337078651684,0.0,1.0,1.0,0.3,0.0,0.0,0.0150943963373549,0.3333333333333333
0.4741573033707864,0.0,1.0,1.0,0.4,0.0,0.0,0.0153709763175708,0.6666666666666666
0.4752808988764044,0.0,1.0,0.0,0.3,0.125,0.1666666666666666,0.028106928123558,0.6666666666666666
0.4764044943820223,0.0,1.0,1.0,0.2,0.125,0.1666666666666666,0.0394521725484317,0.6666666666666666
0.4775280898876404,0.0,1.0,1.0,0.4,0.0,0.0,0.014151057562208,0.6666666666666666
0.4786516853932583,1.0,0.5,0.0,0.3,0.125,0.0,0.0507486202230909,0.6666666666666666
0.4797752808988763,1.0,0.5,0.0,0.2,0.0,0.0,0.0507486202230909,0.6666666666666666
0.4808988764044943,0.0,1.0,1.0,0.4,0.0,0.0,0.0151269925664982,0.3333333333333333
0.4820224719101122,1.0,1.0,1.0,0.4,0.0,0.0,0.0157125535690723,0.6666666666666666
0.4831460674157303,1.0,0.0,1.0,0.3,0.0,0.0,0.0518221487278101,0.6666666666666666
0.4842696629213482,1.0,1.0,0.0,0.4,0.125,0.0,0.0314251071381447,0.6666666666666666
0.4853932584269662,1.0,0.5,0.0,0.5,0.125,0.0,0.0507486202230909,0.6666666666666666
0.4865168539325842,0.0,1.0,1.0,0.2,0.0,0.0,0.0139070738111354,0.6666666666666666
0.4876404494382022,0.0,0.0,1.0,0.6,0.125,0.0,0.1091095334796455,0.6666666666666666
0.4887640449438201,1.0,0.0,0.0,0.2,0.125,0.3333333333333333,0.2342244010296504,0.6666666666666666
0.4898876404494381,0.0,1.0,0.0,0.3,0.25,0.3333333333333333,0.0670955315449519,0.6666666666666666
0.4910112359550561,1.0,0.5,0.0,0.3,0.25,0.5,0.0365975626608828,0.6666666666666666
0.4921348314606741,0.0,0.0,1.0,0.8,0.125,0.6666666666666666,0.5133418122566507,0.6666666666666666
0.4932584269662921,0.0,0.5,1.0,0.4,0.0,0.0,0.0204946350900944,0.6666666666666666
0.49438202247191,1.0,0.5,0.0,0.6,0.125,0.1666666666666666,0.051236587725236,0.6666666666666666
0.495505617977528,0.0,1.0,1.0,0.2,0.0,0.0,0.0185427650815139,0.6666666666666666
0.496629213483146,0.0,1.0,1.0,0.3,0.125,0.0,0.0151757893167127,0.6666666666666666
0.497752808988764,1.0,0.5,0.0,0.3,0.0,0.0,0.0253743101115454,0.6666666666666666
0.4988764044943818,1.0,1.0,1.0,0.4,0.0,0.0,0.0158345454446086,0.6666666666666666
0.4999999999999999,1.0,0.0,1.0,0.0,0.0,0.3333333333333333,0.1597767607233786,0.6666666666666666
0.5011235955056179,1.0,0.5,0.0,0.2,0.0,0.1666666666666666,0.0380614651673182,0.6666666666666666
0.5022471910112358,1.0,0.0,1.0,0.4,0.0,0.0,0.0518221487278101,0.6666666666666666
0.5033707865168539,1.0,1.0,0.0,0.1,0.25,0.1666666666666666,0.0375896981862443,0.0
0.5044943820224718,1.0,0.0,1.0,0.6,0.0,0.0,0.0595320352617028,0.6666666666666666
0.5056179775280898,0.0,0.5,1.0,0.4,0.125,0.3333333333333333,0.0541643927381066,0.6666666666666666
0.5067415730337077,0.0,1.0,1.0,0.4,0.125,0.0,0.0389724029003226,0.6666666666666666
0.5078651685393257,0.0,0.0,1.0,0.4,0.0,0.0,0.0541643927381066,0.0
0.5089887640449438,1.0,0.0,1.0,0.6,0.125,0.0,0.1739198156185515,0.0
0.5101123595505617,0.0,1.0,1.0,0.4,0.0,0.0,0.0157125535690723,0.6666666666666666
0.5112359550561797,1.0,1.0,1.0,0.4,0.0,0.0,0.0154115752137492,0.0
0.5123595505617976,0.0,0.0,1.0,0.8,0.0,0.0,0.0518221487278101,0.6666666666666666
0.5134831460674156,1.0,0.0,0.0,0.4,0.125,0.0,0.101228858320002,0.6666666666666666
0.5146067415730335,1.0,0.5,0.0,0.6,0.0,0.0,0.0204946350900944,0.6666666666666666
0.5157303370786516,0.0,1.0,1.0,0.4,0.0,0.0,0.0151269925664982,0.3333333333333333
0.5168539325842696,1.0,0.0,1.0,0.6,0.0,0.0,0.0518221487278101,0.6666666666666666
0.5179775280898875,0.0,1.0,1.0,0.4,0.0,0.0,0.0157125535690723,0.6666666666666666
0.5191011235955055,0.0,0.0,1.0,0.6,0.0,0.0,0.0751469953303461,0.6666666666666666
0.5202247191011234,0.0,0.5,1.0,0.6,0.0,0.0,0.0253743101115454,0.6666666666666666
0.5213483146067415,0.0,1.0,1.0,0.4,0.0,0.0,0.0157125535690723,0.6666666666666666
0.5224719101123594,0.0,1.0,1.0,0.5,0.0,0.0,0.0137606835604919,0.6666666666666666
0.5235955056179774,0.0,0.5,1.0,0.4,0.0,0.0,0.0,0.6666666666666666
0.5247191011235954,0.0,0.0,1.0,0.7,0.0,0.0,0.0518221487278101,0.6666666666666666
0.5258426966292133,0.0,1.0,1.0,0.4,0.0,0.0,0.0150781958162837,0.3333333333333333
0.5269662921348314,1.0,1.0,0.0,0.0,0.25,0.1666666666666666,0.0375896981862443,0.0
0.5280898876404493,0.0,1.0,1.0,0.4,0.0,0.0,0.014151057562208,0.6666666666666666
0.5292134831460673,0.0,1.0,1.0,0.5,0.0,0.0,0.0169080739493278,0.6666666666666666
0.5303370786516853,1.0,0.5,0.0,0.4,0.125,0.3333333333333333,0.0541643927381066,0.6666666666666666
0.5314606741573032,1.0,0.5,0.0,0.3,0.0,0.0,0.0269196055973385,0.0
0.5325842696629213,0.0,1.0,0.0,0.3,0.0,0.0,0.0192015212094098,0.6666666666666666
0.5337078651685392,0.0,0.0,1.0,0.4,0.0,0.0,0.1014972404461818,0.6666666666666666
0.5348314606741572,0.0,0.5,1.0,0.4,0.125,0.0,0.0409892701801888,0.6666666666666666
0.5359550561797751,0.0,1.0,1.0,0.4,0.125,0.0,0.0137524857064559,0.6666666666666666
0.5370786516853931,0.0,1.0,1.0,0.3,0.0,0.0,0.0146796239605316,0.6666666666666666
0.5382022471910112,1.0,1.0,0.0,0.0,0.0,0.1666666666666666,0.0239836027304319,0.6666666666666666
0.5393258426966291,0.0,1.0,1.0,0.1,0.625,0.3333333333333333,0.0915427034024217,0.6666666666666666
0.5404494382022471,0.0,0.5,1.0,0.4,0.0,0.0,0.0,0.6666666666666666
0.541573033707865,0.0,1.0,1.0,0.6,0.0,0.0,0.0157125535690723,0.6666666666666666
0.542696629213483,1.0,1.0,0.0,0.8,0.0,0.0,0.0187135537072647,0.6666666666666666
0.543820224719101,1.0,0.0,1.0,0.3,0.125,0.0,0.1777747588854978,0.0
0.544943820224719,0.0,1.0,0.0,0.4,0.375,0.1666666666666666,0.049707687947515,0.6666666666666666
0.546067415730337,1.0,0.0,0.0,0.4,0.125,0.0,0.1756683007722378,0.6666666666666666
0.5471910112359549,0.0,0.0,1.0,0.7,0.0,0.0,0.0579705392548384,0.0
0.548314606741573,0.0,1.0,1.0,0.4,0.0,0.0,0.0157125535690723,0.6666666666666666
0.5494382022471909,1.0,1.0,1.0,0.1,0.125,0.1666666666666666,0.0310347331364286,0.6666666666666666
0.5505617977528089,0.0,1.0,1.0,0.4,0.125,0.0,0.0389724029003226,0.6666666666666666
0.5516853932584268,0.0,1.0,1.0,0.3,0.0,0.0,0.014151057562208,0.6666666666666666
0.5528089887640448,0.0,0.0,1.0,0.7,0.0,0.0,0.0595320352617028,0.6666666666666666
0.5539325842696629,0.0,0.0,1.0,0.9,0.0,0.0,0.0966257632787668,0.0
0.5550561797752808,0.0,1.0,1.0,0.3,0.0,0.0,0.0157125535690723,0.6666666666666666
0.5561797752808988,0.0,1.0,1.0,0.4,0.0,0.0,0.0282207221450582,0.0
0.5573033707865167,1.0,0.0,0.0,0.7,0.125,0.0,0.1527664244005612,0.0
0.5584269662921347,0.0,1.0,1.0,0.4,0.0,0.0,0.0294732371295643,0.6666666666666666
0.5595505617977528,0.0,0.0,0.0,0.3,0.125,0.3333333333333333,0.2958058998003627,0.6666666666666666
0.5606741573033707,0.0,1.0,1.0,0.3,0.0,0.0,0.0152163882128912,0.6666666666666666
0.5617977528089887,0.0,1.0,1.0,0.2,0.0,0.0,0.0169080739493278,0.6666666666666666
0.5629213483146066,0.0,1.0,0.0,0.3,0.0,0.0,0.0151269925664982,0.3333333333333333
0.5640449438202246,0.0,1.0,0.0,0.4,0.0,0.0,0.0148912066694617,0.3333333333333333
0.5651685393258425,0.0,1.0,0.0,0.5,0.0,0.0,0.0187135537072647,0.6666666666666666
0.5662921348314606,1.0,0.0,0.0,0.2,0.0,0.0,0.1688367557422063,0.6666666666666666
0.5674157303370786,0.0,0.0,1.0,0.2,0.125,0.0,0.2125586439344078,0.0
0.5685393258426965,1.0,0.5,0.0,0.4,0.0,0.3333333333333333,0.0507486202230909,0.6666666666666666
0.5696629213483145,1.0,0.0,1.0,0.4,0.0,0.0,0.0518221487278101,0.6666666666666666
0.5707865168539324,0.0,1.0,1.0,0.3,0.0,0.0,0.0439658719432739,0.6666666666666666
0.5719101123595505,1.0,1.0,1.0,0.3,0.0,0.0,0.1102724576307577,0.6666666666666666
0.5730337078651684,1.0,1.0,1.0,0.4,0.0,0.0,0.0151269925664982,0.3333333333333333
0.5741573033707864,0.0,1.0,1.0,0.4,0.0,0.0,0.0157125535690723,0.6666666666666666
0.5752808988764044,1.0,0.0,1.0,0.4,0.0,0.0,0.0513097828505578,0.6666666666666666
0.5764044943820223,1.0,0.0,0.0,0.7,0.125,0.0,0.1159410785096769,0.0
0.5775280898876404,0.0,1.0,1.0,0.3,0.0,0.0,0.0146308272103171,0.6666666666666666
0.5786516853932583,0.0,0.0,1.0,0.6,0.0,0.0,0.0664041791879127,0.6666666666666666
0.5797752808988763,1.0,0.5,0.0,0.4,0.0,0.0,0.0204946350900944,0.6666666666666666
0.5808988764044942,0.0,1.0,1.0,0.4,0.0,0.0,0.0471376607072171,0.3333333333333333
0.5820224719101122,1.0,0.5,0.0,0.4,0.125,0.0,0.0507486202230909,0.6666666666666666
0.5831460674157303,0.0,1.0,1.0,0.4,0.0,0.0,0.0154115752137492,0.6666666666666666
0.5842696629213482,1.0,0.0,0.0,0.4,0.0,0.0,0.1824998458022693,0.6666666666666666
0.5853932584269662,0.0,1.0,1.0,0.3,0.0,0.0,0.0154115752137492,0.6666666666666666
0.5865168539325841,0.0,1.0,1.0,0.4,0.0,0.0,0.0141022608119935,0.0
0.5876404494382022,1.0,0.0,0.0,0.5,0.0,0.1666666666666666,0.1131678616014859,0.0
0.5887640449438201,0.0,1.0,1.0,0.4,0.0,0.0,0.0141104586660295,0.0
0.5898876404494381,0.0,1.0,1.0,0.5,0.0,0.0,0.0151269925664982,0.3333333333333333
0.5910112359550561,1.0,0.5,0.0,0.6,0.0,0.0,0.0204946350900944,0.6666666666666666
0.592134831460674,0.0,0.0,1.0,0.4,0.0,0.0,0.4328841690069588,0.6666666666666666
0.593258426966292,0.0,1.0,1.0,0.5,0.0,0.0,0.0154685698179998,0.6666666666666666
0.59438202247191,0.0,0.5,1.0,0.3,0.25,0.1666666666666666,0.0224465050986748,0.6666666666666666
0.595505617977528,1.0,0.5,0.0,0.0,0.125,0.1666666666666666,0.0507486202230909,0.6666666666666666
0.596629213483146,0.0,1.0,1.0,0.4,0.0,0.0,0.0141104586660295,0.0
0.5977528089887639,0.0,1.0,1.0,0.2,0.125,0.1666666666666666,0.0141104586660295,0.0
0.598876404494382,1.0,1.0,0.0,0.4,0.0,0.3333333333333333,0.0436404952128436,0.0
0.5999999999999999,0.0,1.0,0.0,0.4,0.0,0.0,0.0169080739493278,0.6666666666666666
0.6011235955056179,1.0,0.5,0.0,0.1,0.0,0.3333333333333333,0.051236587725236,0.6666666666666666
0.6022471910112358,0.0,0.0,1.0,0.6,0.0,0.0,0.0518221487278101,0.6666666666666666
0.6033707865168538,1.0,0.0,0.0,0.4,0.0,0.0,0.2077277656631712,0.0
0.6044943820224719,0.0,1.0,1.0,0.4,0.0,0.0,0.028302115124416,0.6666666666666666
0.6056179775280898,1.0,0.0,0.0,0.3,0.0,0.3333333333333333,0.0966175654247308,0.0
0.6067415730337078,1.0,0.0,0.0,0.4,0.0,0.3333333333333333,0.1385827706092098,0.6666666666666666
0.6078651685393257,0.0,1.0,0.0,0.1,0.5,0.3333333333333333,0.0610447345183526,0.6666666666666666
0.6089887640449437,0.0,1.0,0.0,0.1,0.5,0.3333333333333333,0.0610447345183526,0.6666666666666666
0.6101123595505616,1.0,0.5,1.0,0.4,0.125,0.0,0.0507486202230909,0.6666666666666666
0.6112359550561797,0.0,0.0,1.0,0.6,0.125,0.0,0.2077277656631712,0.0
0.6123595505617977,0.0,0.0,1.0,0.8,0.0,0.0,0.0507486202230909,0.6666666666666666
0.6134831460674156,1.0,0.5,0.0,0.2,0.125,0.0,0.0507486202230909,0.6666666666666666
0.6146067415730336,1.0,0.5,1.0,0.4,0.0,0.0,0.027057797993946,0.0
0.6157303370786515,0.0,1.0,1.0,0.4,0.125,0.1666666666666666,0.0400621319261131,0.6666666666666666
0.6168539325842696,1.0,0.5,1.0,0.1,0.125,0.1666666666666666,0.0717312228153304,0.6666666666666666
0.6179775280898875,1.0,0.0,1.0,0.2,0.0,0.3333333333333333,0.2164297877224253,0.0
0.6191011235955055,0.0,0.5,1.0,0.3,0.0,0.0,0.0507486202230909,0.6666666666666666
0.6202247191011235,0.0,1.0,1.0,0.4,0.0,0.0,0.0152815806711778,0.3333333333333333
0.6213483146067414,1.0,1.0,1.0,0.3,0.0,0.0,0.0141022608119935,0.0
0.6224719101123595,1.0,1.0,0.0,0.3,0.0,0.0,0.0151757893167127,0.6666666666666666
0.6235955056179774,0.0,0.0,1.0,0.8,0.0,0.0,0.0518221487278101,0.6666666666666666
0.6247191011235954,1.0,0.0,0.0,0.6,0.125,0.0,0.0772940523397846,0.0
0.6258426966292134,0.0,0.0,1.0,0.4,0.0,0.0,0.4440992237022602,0.0
0.6269662921348313,1.0,0.0,0.0,0.5,0.125,0.1666666666666666,0.1554664461834305,0.6666666666666666
0.6280898876404494,1.0,1.0,0.0,0.4,0.125,0.0,0.0339625381492993,0.6666666666666666
0.6292134831460673,0.0,1.0,1.0,0.4,0.0,0.0,0.0151269925664982,0.3333333333333333
0.6303370786516853,0.0,1.0,1.0,0.5,0.0,0.0,0.0154115752137492,0.6666666666666666
0.6314606741573032,0.0,0.5,1.0,0.3,0.0,0.0,0.0263502451158356,0.6666666666666666
0.6325842696629213,0.0,1.0,1.0,0.4,0.0,0.0,0.0157125535690723,0.6666666666666666
0.6337078651685393,0.0,1.0,0.0,0.4,0.0,0.0,0.0157125535690723,0.6666666666666666
0.6348314606741572,0.0,1.0,1.0,0.3,0.25,0.0,0.0471376607072171,0.6666666666666666
0.6359550561797752,0.0,1.0,1.0,0.2,0.0,0.0,0.0154115752137492,0.6666666666666666
0.6370786516853931,0.0,1.0,0.0,0.4,0.0,0.6666666666666666,0.0411356604308323,0.6666666666666666
0.6382022471910112,0.0,1.0,1.0,0.4,0.0,0.0,0.0141104586660295,0.0
0.6393258426966291,1.0,1.0,1.0,0.4,0.0,0.0,0.0153303774213923,0.6666666666666666
0.6404494382022471,1.0,0.5,1.0,0.8,0.0,0.0,0.0204946350900944,0.6666666666666666
0.6415730337078651,1.0,0.0,0.0,0.7,0.25,0.0,0.1004807065457131,0.6666666666666666
0.642696629213483,1.0,0.0,1.0,0.4,0.0,0.0,0.0515049698514158,0.6666666666666666
0.643820224719101,1.0,1.0,0.0,0.4,0.0,0.0,0.0151269925664982,0.3333333333333333
0.644943820224719,0.0,1.0,1.0,0.2,0.0,0.0,0.0157125535690723,0.6666666666666666
0.646067415730337,0.0,1.0,1.0,0.2,0.0,0.0,0.028302115124416,0.6666666666666666
0.6471910112359549,1.0,0.5,0.0,0.4,0.0,0.0,0.0253743101115454,0.6666666666666666
0.6483146067415729,1.0,0.0,0.0,0.5,0.125,0.0,0.1091095334796455,0.6666666666666666
0.649438202247191,0.0,1.0,0.0,0.4,0.125,0.0,0.0282207221450582,0.0
0.6505617977528089,1.0,1.0,1.0,0.4,0.0,0.0,0.0154685698179998,0.6666666666666666
0.6516853932584269,1.0,0.5,0.0,0.3,0.125,0.1666666666666666,0.0585561002574126,0.6666666666666666
0.6528089887640448,1.0,0.0,0.0,0.5,0.125,0.1666666666666666,0.2164297877224253,0.0
0.6539325842696628,0.0,0.5,1.0,0.7,0.0,0.0,0.0507486202230909,0.6666666666666666
0.6550561797752807,0.0,0.0,1.0,0.4,0.0,0.0,0.0783187840942893,0.0
0.6561797752808988,0.0,1.0,1.0,0.4,0.0,0.0,0.0170056674497569,0.0
0.6573033707865168,1.0,0.0,0.0,0.2,0.0,0.3333333333333333,0.1554664461834305,0.6666666666666666
0.6584269662921347,0.0,0.5,1.0,0.6,0.0,0.0,0.0292780501287063,0.6666666666666666
0.6595505617977527,1.0,0.0,1.0,0.7,0.125,0.1666666666666666,0.1545881046795693,0.0
0.6606741573033706,0.0,1.0,1.0,0.3,0.0,0.0,0.0157125535690723,0.6666666666666666
0.6617977528089887,0.0,1.0,1.0,0.4,0.0,0.0,0.0157125535690723,0.6666666666666666
0.6629213483146067,0.0,1.0,1.0,0.4,0.0,0.0,0.0139070738111354,0.6666666666666666
0.6640449438202246,1.0,0.0,0.0,0.6,0.125,0.0,0.1527664244005612,0.0
0.6651685393258426,0.0,1.0,1.0,0.6,0.0,0.0,0.014151057562208,0.6666666666666666
0.6662921348314605,0.0,1.0,0.0,0.4,0.0,0.3333333333333333,0.0151269925664982,0.3333333333333333
0.6674157303370786,0.0,0.5,1.0,0.5,0.125,0.0,0.0507486202230909,0.6666666666666666
0.6685393258426965,0.0,1.0,1.0,0.4,0.125,0.1666666666666666,0.0471376607072171,0.6666666666666666
0.6696629213483145,1.0,0.5,0.0,0.4,0.0,0.0,0.0644117102831538,0.6666666666666666
0.6707865168539325,0.0,1.0,1.0,0.6,0.0,0.0,0.0,0.6666666666666666
0.6719101123595504,0.0,1.0,1.0,0.4,0.0,0.0,0.0141022608119935,0.0
0.6730337078651685,1.0,0.0,1.0,0.6,0.125,0.0,0.1111183980924764,0.0
0.6741573033707864,1.0,0.5,0.0,0.3,0.25,0.1666666666666666,0.0527004902316713,0.6666666666666666
0.6752808988764044,0.0,1.0,1.0,0.4,0.0,0.0,0.0154115752137492,0.6666666666666666
0.6764044943820223,0.0,0.0,1.0,0.4,0.0,0.0,0.0827592883638098,0.6666666666666666
0.6775280898876404,0.0,1.0,1.0,0.5,0.0,0.0,0.0157125535690723,0.6666666666666666
0.6786516853932584,1.0,0.0,1.0,0.4,0.0,0.0,0.0518221487278101,0.0
0.6797752808988763,0.0,1.0,1.0,0.4,0.125,0.0,0.0303515786334255,0.6666666666666666
0.6808988764044943,0.0,1.0,1.0,0.4,0.0,0.0,0.0154115752137492,0.6666666666666666
0.6820224719101122,1.0,0.0,1.0,0.3,0.0,0.0,0.0595320352617028,0.6666666666666666
0.6831460674157303,1.0,0.5,0.0,0.3,0.125,0.3333333333333333,0.081157193460767,0.0
0.6842696629213482,1.0,0.0,0.0,0.5,0.0,0.0,0.2995388511917728,0.6666666666666666
0.6853932584269662,0.0,1.0,0.0,0.5,0.125,0.8333333333333333,0.0610447345183526,0.6666666666666666
0.6865168539325842,0.0,1.0,1.0,0.4,0.0,0.0,0.0137606835604919,0.6666666666666666
0.6876404494382021,1.0,1.0,0.0,0.4,0.125,0.0,0.0302539851329965,0.3333333333333333
0.6887640449438202,0.0,1.0,1.0,0.4,0.0,0.0,0.0151269925664982,0.3333333333333333
0.6898876404494381,0.0,1.0,1.0,0.4,0.0,0.0,0.0157125535690723,0.6666666666666666
0.6910112359550561,1.0,0.5,0.0,0.3,0.125,0.3333333333333333,0.1268715505577273,0.6666666666666666
0.692134831460674,0.0,1.0,1.0,0.4,0.125,0.1666666666666666,0.028106928123558,0.6666666666666666
0.693258426966292,0.0,1.0,0.0,0.3,0.125,0.0,0.0314251071381447,0.6666666666666666
0.69438202247191,1.0,0.5,0.0,0.0,0.25,0.1666666666666666,0.0761229303346364,0.6666666666666666
0.695505617977528,0.0,0.5,1.0,0.3,0.0,0.0,0.0204946350900944,0.6666666666666666
0.696629213483146,0.0,1.0,1.0,0.3,0.125,0.0,0.0282127194780231,0.0
0.6977528089887639,1.0,0.0,1.0,0.5,0.125,0.0,0.1025789668049371,0.6666666666666666
0.6988764044943819,1.0,1.0,1.0,0.2,0.125,0.1666666666666666,0.0307257521140704,0.0
0.7,0.0,1.0,1.0,0.3,0.0,0.0,0.0153303774213923,0.6666666666666666
0.7011235955056179,0.0,1.0,1.0,0.3,0.0,0.0,0.0314251071381447,0.6666666666666666
0.7022471910112359,0.0,0.0,1.0,0.8,0.0,0.0,0.063086000173326,0.6666666666666666
0.7033707865168538,0.0,0.5,1.0,0.7,0.0,0.0,0.0241055946059681,0.3333333333333333
0.7044943820224718,1.0,0.0,0.0,0.3,0.0,0.0,0.1521644676899149,0.6666666666666666
0.7056179775280897,0.0,1.0,1.0,0.3,0.0,0.0,0.0154115752137492,0.6666666666666666
0.7067415730337078,0.0,1.0,1.0,0.4,0.0,0.0,0.0150943963373549,0.3333333333333333
0.7078651685393258,1.0,0.0,1.0,1.0,0.0,0.0,0.0585561002574126,0.6666666666666666
0.7089887640449437,0.0,1.0,1.0,0.6,0.0,0.0,0.013768881414528,0.6666666666666666
0.7101123595505617,1.0,0.0,1.0,0.4,0.0,0.0,0.0595320352617028,0.0
0.7112359550561796,0.0,0.0,1.0,0.4,0.0,0.0,0.0,0.6666666666666666
0.7123595505617977,0.0,1.0,0.0,0.1,0.375,0.3333333333333333,0.0544571732393937,0.6666666666666666
0.7134831460674156,1.0,0.5,0.0,0.3,0.0,0.0,0.0253743101115454,0.6666666666666666
0.7146067415730336,0.0,1.0,1.0,0.4,0.0,0.0,0.0154685698179998,0.6666666666666666
0.7157303370786516,0.0,0.5,1.0,0.4,0.125,0.1666666666666666,0.051236587725236,0.6666666666666666
0.7168539325842695,0.0,1.0,0.0,0.5,0.0,0.8333333333333333,0.0774648409655354,0.6666666666666666
0.7179775280898876,0.0,1.0,1.0,0.4,0.125,0.0,0.0314251071381447,0.6666666666666666
0.7191011235955055,0.0,1.0,1.0,0.2,0.0,0.0,0.0153303774213923,0.6666666666666666
0.7202247191011235,1.0,0.0,0.0,0.3,0.0,0.0,0.1352645915946231,0.0
0.7213483146067414,0.0,1.0,0.0,0.0,0.375,0.3333333333333333,0.0544571732393937,0.6666666666666666
0.7224719101123595,1.0,1.0,1.0,0.4,0.0,0.0,0.1102724576307577,0.6666666666666666
0.7235955056179775,1.0,1.0,0.0,0.0,0.25,0.1666666666666666,0.0375896981862443,0.0
0.7247191011235954,1.0,0.0,1.0,0.6,0.125,0.0,0.1497654242623688,0.0
0.7258426966292134,0.0,1.0,1.0,0.2,0.0,0.0,0.0154115752137492,0.6666666666666666
0.7269662921348313,1.0,0.0,1.0,0.7,0.0,0.0,0.0692913853046049,0.0
0.7280898876404494,0.0,1.0,1.0,0.4,0.0,0.0,0.0147366185647821,0.6666666666666666
0.7292134831460674,1.0,1.0,0.0,0.3,0.0,0.0,0.0147366185647821,0.6666666666666666
0.7303370786516853,0.0,1.0,1.0,0.4,0.0,0.0,0.0154115752137492,0.6666666666666666
0.7314606741573033,1.0,0.5,0.0,0.2,0.0,0.1666666666666666,0.0448930101973496,0.6666666666666666
0.7325842696629212,0.0,1.0,1.0,0.3,0.0,0.0,0.0164607053433612,0.6666666666666666
0.7337078651685393,1.0,1.0,0.0,0.4,0.0,0.0,0.0152815806711778,0.3333333333333333
0.7348314606741572,0.0,1.0,0.0,0.2,0.0,0.0,0.0131751225579178,0.3333333333333333
0.7359550561797752,0.0,0.5,1.0,0.3,0.25,0.0,0.1434624456306609,0.6666666666666666
0.7370786516853932,0.0,1.0,1.0,0.4,0.0,0.0,0.0154115752137492,0.6666666666666666
0.7382022471910111,0.0,1.0,0.0,0.4,0.125,0.1666666666666666,0.0302539851329965,0.3333333333333333
0.7393258426966292,0.0,0.5,1.0,0.3,0.0,0.0,0.0253743101115454,0.6666666666666666
0.7404494382022471,0.0,0.0,1.0,0.7,0.0,0.3333333333333333,0.2210980752219471,0.0
0.7415730337078651,1.0,0.0,1.0,0.6,0.25,0.0,0.2608674266467732,0.6666666666666666
0.742696629213483,0.0,1.0,1.0,0.5,0.0,0.0,0.0141022608119935,0.0
0.743820224719101,0.0,0.0,1.0,0.6,0.0,0.0,0.0499434738445515,0.6666666666666666
0.744943820224719,0.0,1.0,1.0,0.4,0.0,0.0,0.0146308272103171,0.6666666666666666
0.746067415730337,1.0,1.0,1.0,0.2,0.125,0.0,0.0154685698179998,0.6666666666666666
0.747191011235955,0.0,0.5,1.0,0.4,0.25,0.0,0.1434624456306609,0.6666666666666666
0.7483146067415729,0.0,0.5,1.0,0.3,0.0,0.0,0.0253743101115454,0.6666666666666666
0.7494382022471909,0.0,1.0,1.0,0.4,0.0,0.0,0.0151757893167127,0.6666666666666666
0.7505617977528087,0.0,1.0,1.0,0.5,0.0,0.0,0.0157125535690723,0.6666666666666666
0.7516853932584268,1.0,0.0,0.0,0.4,0.125,0.0,0.1014972404461818,0.6666666666666666
0.7528089887640448,1.0,0.5,0.0,0.5,0.125,0.1666666666666666,0.0761229303346364,0.6666666666666666
0.7539325842696627,0.0,0.0,1.0,0.4,0.125,0.0,0.1014972404461818,0.6666666666666666
0.7550561797752807,0.0,0.5,1.0,0.9,0.0,0.0,0.0204946350900944,0.6666666666666666
0.7561797752808986,1.0,0.5,1.0,0.4,0.0,0.0,0.0253743101115454,0.6666666666666666
0.7573033707865167,0.0,0.5,1.0,0.4,0.0,0.0,0.0,0.6666666666666666
0.7584269662921346,0.0,1.0,1.0,0.2,0.0,0.0,0.0151757893167127,0.6666666666666666
0.7595505617977526,0.0,1.0,1.0,0.3,0.0,0.0,0.0157125535690723,0.6666666666666666
0.7606741573033706,1.0,1.0,0.0,0.2,0.0,0.0,0.0192097190634459,0.6666666666666666
0.7617977528089885,0.0,1.0,0.0,0.5,0.125,1.0,0.0915427034024217,0.6666666666666666
0.7629213483146066,1.0,0.0,1.0,0.4,0.0,0.1666666666666666,1.0,0.0
0.7640449438202245,0.0,1.0,0.0,0.4,0.0,0.0,0.0158833421948231,0.3333333333333333
0.7651685393258425,1.0,0.0,1.0,0.3,0.0,0.0,0.1497654242623688,0.0
0.7662921348314605,0.0,1.0,1.0,0.2,0.0,0.0,0.0180060008291543,0.6666666666666666
0.7674157303370784,0.0,1.0,1.0,0.2,0.625,0.3333333333333333,0.0915427034024217,0.6666666666666666
0.7685393258426965,0.0,0.5,1.0,0.7,0.125,0.1666666666666666,0.0761229303346364,0.6666666666666666
0.7696629213483144,0.0,0.5,1.0,0.3,0.125,0.3333333333333333,0.081157193460767,0.0
0.7707865168539324,0.0,1.0,1.0,0.2,0.5,0.1666666666666666,0.0774648409655354,0.6666666666666666
0.7719101123595503,0.0,1.0,1.0,0.2,0.0,0.0,0.0198520794832697,0.6666666666666666
0.7730337078651683,0.0,1.0,1.0,0.2,0.0,0.0,0.0152163882128912,0.6666666666666666
0.7741573033707864,1.0,0.0,0.0,0.2,0.0,0.1666666666666666,0.4125033279383646,0.6666666666666666
0.7752808988764043,1.0,0.0,1.0,0.4,0.125,0.0,0.1112565904890839,0.6666666666666666
0.7764044943820223,1.0,1.0,0.0,0.0,0.0,0.1666666666666666,0.0261876543441209,0.0
0.7775280898876402,1.0,1.0,1.0,0.4,0.0,0.0,0.1102724576307577,0.6666666666666666
0.7786516853932582,0.0,1.0,1.0,0.3,0.0,0.0,0.0141022608119935,0.0
0.7797752808988762,0.0,0.0,1.0,0.7,0.0,0.0,0.0518221487278101,0.6666666666666666
0.7808988764044942,0.0,0.5,1.0,0.6,0.0,0.0,0.0263502451158356,0.6666666666666666
0.7820224719101122,0.0,1.0,1.0,0.5,0.0,0.0,0.0157125535690723,0.6666666666666666
0.7831460674157301,1.0,1.0,0.0,0.4,0.0,0.0,0.0150943963373549,0.3333333333333333
0.7842696629213481,0.0,0.0,1.0,0.6,0.125,0.1666666666666666,0.2164297877224253,0.0
0.7853932584269661,0.0,1.0,1.0,0.5,0.0,0.0,0.0149318055656402,0.6666666666666666
0.7865168539325841,1.0,0.0,0.0,0.2,0.125,0.0,0.4440992237022602,0.0
0.787640449438202,1.0,0.0,1.0,0.4,0.0,0.0,0.0513097828505578,0.6666666666666666
0.78876404494382,0.0,1.0,0.0,0.2,0.0,0.1666666666666666,0.0282127194780231,0.0
0.789887640449438,0.0,1.0,1.0,0.3,0.0,0.0,0.015110792045427,0.3333333333333333
0.791011235955056,0.0,1.0,1.0,0.3,0.125,0.0,0.0153303774213923,0.6666666666666666
0.792134831460674,0.0,0.5,1.0,0.5,0.0,0.0,0.0507486202230909,0.6666666666666666
0.7932584269662919,1.0,0.5,0.0,0.6,0.0,0.0,0.0263502451158356,0.6666666666666666
0.7943820224719099,1.0,0.0,1.0,0.5,0.0,0.0,0.0513097828505578,0.6666666666666666
0.795505617977528,1.0,0.0,0.0,0.3,0.0,0.0,0.2958058998003627,0.6666666666666666
0.7966292134831459,1.0,1.0,1.0,0.4,0.125,0.1666666666666666,0.0297578197768153,0.0
0.7977528089887639,1.0,0.0,0.0,0.3,0.0,0.0,0.0966257632787668,0.0
0.7988764044943818,0.0,0.0,1.0,0.4,0.0,0.0,0.0518221487278101,0.6666666666666666
0.7999999999999998,1.0,0.0,1.0,0.6,0.125,0.0,0.1014972404461818,0.6666666666666666
0.8011235955056177,0.0,1.0,1.0,0.4,0.0,0.0,0.0185101688523707,0.6666666666666666
0.8022471910112358,0.0,0.5,1.0,0.6,0.0,0.0,0.0253743101115454,0.6666666666666666
0.8033707865168538,0.0,1.0,1.0,0.2,0.0,0.0,0.0149318055656402,0.6666666666666666
0.8044943820224717,1.0,0.0,0.0,0.5,0.0,0.0,0.4440992237022602,0.0
0.8056179775280897,1.0,0.5,0.0,0.3,0.0,0.0,0.0204946350900944,0.6666666666666666
0.8067415730337076,0.0,1.0,1.0,0.4,0.0,0.0,0.0302539851329965,0.3333333333333333
0.8078651685393257,0.0,1.0,1.0,0.4,0.0,0.0,0.0151757893167127,0.6666666666666666
0.8089887640449436,1.0,0.5,0.0,0.1,0.0,0.1666666666666666,0.0644117102831538,0.6666666666666666
0.8101123595505616,0.0,1.0,1.0,0.2,0.125,0.0,0.013768881414528,0.6666666666666666
0.8112359550561796,0.0,0.5,1.0,0.4,0.0,0.0,0.0253743101115454,0.6666666666666666
0.8123595505617975,0.0,0.5,1.0,0.6,0.0,0.0,0.0253743101115454,0.6666666666666666
0.8134831460674156,1.0,0.0,1.0,0.3,0.125,0.0,0.1036442974556203,0.6666666666666666
0.8146067415730335,0.0,1.0,1.0,0.2,0.0,0.0,0.0169080739493278,0.6666666666666666
0.8157303370786515,1.0,0.5,0.0,0.4,0.375,0.0,0.0409892701801888,0.6666666666666666
0.8168539325842694,1.0,1.0,0.0,0.4,0.0,0.0,0.015102594191391,0.3333333333333333
0.8179775280898874,0.0,0.5,1.0,0.3,0.125,0.0,0.0507486202230909,0.6666666666666666
0.8191011235955055,0.0,1.0,0.0,0.3,0.125,0.0,0.0154685698179998,0.6666666666666666
0.8202247191011234,1.0,0.0,0.0,0.4,0.0,0.0,0.4125033279383646,0.6666666666666666
0.8213483146067414,0.0,1.0,1.0,0.1,0.0,0.0,0.0366707577862046,0.0
0.8224719101123593,0.0,0.5,1.0,0.4,0.0,0.0,0.0,0.6666666666666666
0.8235955056179773,0.0,0.5,1.0,0.3,0.0,0.0,0.0253743101115454,0.6666666666666666
0.8247191011235953,0.0,0.5,1.0,0.3,0.0,0.0,0.0253743101115454,0.6666666666666666
0.8258426966292133,0.0,1.0,1.0,0.4,0.0,0.0,0.0314251071381447,0.6666666666666666
0.8269662921348313,0.0,1.0,0.0,0.6,0.125,0.5,0.0670955315449519,0.6666666666666666
0.8280898876404492,1.0,0.0,1.0,0.4,0.0,0.0,1.0,0.0
0.8292134831460672,0.0,1.0,1.0,0.4,0.0,0.0,0.0154115752137492,0.6666666666666666
0.8303370786516852,0.0,1.0,1.0,0.4,0.0,0.0,0.0154115752137492,0.6666666666666666
0.8314606741573032,1.0,0.0,1.0,0.4,0.0,0.0,0.0585561002574126,0.6666666666666666
0.8325842696629212,0.0,0.0,1.0,0.4,0.125,0.0,0.1539049501765661,0.6666666666666666
0.8337078651685391,1.0,0.0,0.0,0.3,0.25,0.3333333333333333,0.5121218935012878,0.0
0.8348314606741571,0.0,1.0,1.0,0.3,0.125,0.0,0.0314251071381447,0.6666666666666666
0.8359550561797751,1.0,1.0,1.0,0.4,0.0,0.0,0.0154685698179998,0.6666666666666666
0.8370786516853931,0.0,0.0,1.0,0.9,0.125,0.1666666666666666,0.1385827706092098,0.6666666666666666
0.838202247191011,0.0,1.0,1.0,0.2,0.125,0.1666666666666666,0.0395253676737535,0.6666666666666666
0.839325842696629,1.0,0.5,0.0,0.4,0.0,0.0,0.0253743101115454,0.6666666666666666
0.840449438202247,0.0,0.0,1.0,0.2,0.125,0.0,0.1036442974556203,0.6666666666666666
0.841573033707865,0.0,1.0,1.0,0.4,0.0,0.0,0.0151269925664982,0.3333333333333333
0.842696629213483,1.0,0.5,0.0,0.0,0.125,0.1666666666666666,0.0448930101973496,0.6666666666666666
0.8438202247191009,1.0,1.0,1.0,0.1,0.0,0.1666666666666666,0.0243495783570407,0.6666666666666666
0.8449438202247189,0.0,1.0,1.0,0.4,0.0,0.0,0.0185427650815139,0.6666666666666666
0.8460674157303368,0.0,1.0,1.0,0.3,0.0,0.0,0.0154115752137492,0.6666666666666666
0.8471910112359549,1.0,0.5,0.0,0.6,0.125,0.3333333333333333,0.1268715505577273,0.6666666666666666
0.8483146067415729,1.0,0.5,1.0,0.0,0.125,0.1666666666666666,0.028302115124416,0.6666666666666666
0.8494382022471908,0.0,1.0,1.0,0.3,0.0,0.0,0.0152163882128912,0.6666666666666666
0.8505617977528088,0.0,0.5,1.0,0.2,0.0,0.0,0.0224465050986748,0.6666666666666666
0.8516853932584267,0.0,1.0,1.0,0.4,0.0,0.0,0.0157125535690723,0.6666666666666666
0.8528089887640448,1.0,0.0,0.0,0.4,0.0,0.0,0.1688367557422063,0.6666666666666666
0.8539325842696627,0.0,1.0,1.0,0.4,0.0,0.0,0.028302115124416,0.6666666666666666
0.8550561797752807,0.0,1.0,1.0,0.5,0.0,0.0,0.0139070738111354,0.6666666666666666
0.8561797752808987,1.0,1.0,1.0,0.2,0.0,0.0,0.0141104586660295,0.0
0.8573033707865166,1.0,0.0,0.0,0.4,0.125,0.3333333333333333,0.2342244010296504,0.6666666666666666
0.8584269662921347,0.0,1.0,1.0,0.2,0.0,0.0,0.0151757893167127,0.6666666666666666
0.8595505617977526,1.0,0.0,0.0,0.6,0.125,0.0,0.1521644676899149,0.6666666666666666
0.8606741573033706,0.0,0.0,1.0,0.4,0.0,0.0,0.0772940523397846,0.0
0.8617977528089885,0.0,1.0,0.0,0.4,0.0,0.0,0.0151269925664982,0.3333333333333333
0.8629213483146065,0.0,1.0,1.0,0.4,0.125,0.0,0.0471376607072171,0.3333333333333333
0.8640449438202246,0.0,1.0,1.0,0.4,0.0,0.0,0.0163225129467537,0.6666666666666666
0.8651685393258425,0.0,1.0,1.0,0.3,0.0,0.0,0.0185427650815139,0.6666666666666666
0.8662921348314605,0.0,1.0,1.0,0.6,0.0,0.0,0.0153303774213923,0.6666666666666666
0.8674157303370784,0.0,0.5,0.0,0.7,0.0,0.0,0.0204946350900944,0.6666666666666666
0.8685393258426964,0.0,1.0,1.0,0.4,0.0,0.0,0.0141022608119935,0.0
0.8696629213483145,1.0,0.5,0.0,0.7,0.125,0.5,0.0448930101973496,0.6666666666666666
0.8707865168539324,0.0,1.0,1.0,0.2,0.0,0.0,0.0151269925664982,0.6666666666666666
0.8719101123595504,0.0,1.0,1.0,0.4,0.0,0.0,0.0151269925664982,0.3333333333333333
0.8730337078651683,1.0,1.0,0.0,0.1,0.0,0.0,0.0243495783570407,0.6666666666666666
0.8741573033707863,0.0,1.0,1.0,0.4,0.0,0.0,0.015102594191391,0.3333333333333333
0.8752808988764043,1.0,0.0,0.0,0.5,0.0,0.1666666666666666,0.4125033279383646,0.6666666666666666
0.8764044943820223,1.0,1.0,0.0,0.2,0.0,0.0,0.0141104586660295,0.0
0.8775280898876403,1.0,0.0,0.0,0.2,0.125,0.0,0.1112565904890839,0.6666666666666666
0.8786516853932582,0.0,0.0,1.0,0.4,0.0,0.0,0.0585561002574126,0.6666666666666666
0.8797752808988762,0.0,1.0,1.0,0.4,0.125,0.3333333333333333,0.0457713517012108,0.6666666666666666
0.8808988764044942,0.0,1.0,1.0,0.3,0.0,0.0,0.0137606835604919,0.6666666666666666
0.8820224719101122,0.0,1.0,1.0,0.3,0.0,0.0,0.014151057562208,0.6666666666666666
0.8831460674157301,1.0,1.0,0.0,0.2,0.0,0.0,0.0146308272103171,0.6666666666666666
0.8842696629213481,0.0,1.0,1.0,0.1,0.5,0.1666666666666666,0.0568482139999047,0.3333333333333333
0.8853932584269661,1.0,1.0,1.0,0.0,0.125,0.3333333333333333,0.0401597254265421,0.6666666666666666
0.8865168539325841,0.0,0.0,1.0,0.6,0.0,0.0,0.1545881046795693,0.0
0.8876404494382021,0.0,1.0,1.0,0.4,0.0,0.0,0.0151269925664982,0.3333333333333333
0.88876404494382,0.0,0.5,1.0,0.2,0.0,0.0,0.0507486202230909,0.6666666666666666
0.889887640449438,0.0,1.0,0.0,0.4,1.0,0.3333333333333333,0.1357525590967682,0.6666666666666666
0.8910112359550559,0.0,0.0,1.0,0.4,0.0,0.0,0.0599142114093828,0.0
0.892134831460674,0.0,1.0,1.0,0.3,0.0,0.0,0.0154115752137492,0.6666666666666666
0.893258426966292,0.0,0.5,1.0,0.5,0.0,0.0,0.0253743101115454,0.6666666666666666
0.8943820224719099,1.0,0.0,0.0,0.6,0.0,0.0,0.0506104278264834,0.6666666666666666
0.8955056179775279,1.0,1.0,0.0,0.4,0.0,0.0,0.0169486728455063,0.6666666666666666
0.8966292134831458,0.0,1.0,1.0,0.4,0.0,0.0,0.0141104586660295,0.0
0.8977528089887639,0.0,1.0,0.0,0.4,0.125,0.1666666666666666,0.0471376607072171,0.6666666666666666
0.8988764044943819,0.0,0.5,1.0,0.4,0.0,0.0,0.0253743101115454,0.6666666666666666
0.8999999999999998,1.0,0.5,0.0,0.4,0.125,0.1666666666666666,0.051236587725236,0.6666666666666666
0.9011235955056178,1.0,0.0,1.0,0.1,0.125,0.3333333333333333,0.2342244010296504,0.6666666666666666
0.9022471910112356,1.0,1.0,1.0,0.0,0.0,0.1666666666666666,0.0166234913020768,0.0
0.9033707865168538,1.0,1.0,1.0,0.3,0.0,0.0,0.0136142933098484,0.6666666666666666
0.9044943820224718,0.0,1.0,1.0,0.4,0.0,0.0,0.0151757893167127,0.6666666666666666
0.9056179775280898,0.0,0.0,1.0,0.5,0.0,0.0,0.0,0.6666666666666666
0.9067415730337076,0.0,1.0,0.0,0.2,0.0,0.0,0.0151757893167127,0.6666666666666666
0.9078651685393258,0.0,0.5,1.0,0.5,0.0,0.0,0.0253743101115454,0.6666666666666666
0.9089887640449438,1.0,0.0,0.0,0.4,0.125,0.0,0.1036442974556203,0.6666666666666666
0.9101123595505616,0.0,1.0,1.0,0.3,0.0,0.0,0.015395374692678,0.6666666666666666
0.9112359550561796,0.0,1.0,1.0,0.5,0.0,0.0,0.0471376607072171,0.6666666666666666
0.9123595505617974,0.0,0.5,1.0,0.4,0.0,0.0,0.0204946350900944,0.6666666666666666
0.9134831460674157,0.0,1.0,0.0,0.1,0.5,0.3333333333333333,0.0610447345183526,0.6666666666666666
0.9146067415730336,0.0,1.0,1.0,0.4,0.0,0.0,0.0157125535690723,0.6666666666666666
0.9157303370786514,0.0,0.0,1.0,0.4,0.0,0.0,0.0,0.6666666666666666
0.9168539325842694,0.0,1.0,0.0,0.3,0.0,0.0,0.0154685698179998,0.6666666666666666
0.9179775280898874,0.0,0.5,1.0,0.4,0.125,0.1666666666666666,0.0722273881715115,0.0
0.9191011235955052,0.0,1.0,1.0,0.5,0.0,0.0,0.0125895615553437,0.6666666666666666
0.9202247191011234,0.0,1.0,1.0,0.1,0.375,0.3333333333333333,0.0544571732393937,0.6666666666666666
0.9213483146067414,1.0,0.0,0.0,0.6,0.125,0.1666666666666666,0.1824998458022693,0.6666666666666666
0.9224719101123594,1.0,1.0,1.0,0.3,0.0,0.0,0.0169080739493278,0.6666666666666666
0.9235955056179774,0.0,0.0,1.0,0.5,0.0,0.0,0.0,0.6666666666666666
0.9247191011235952,1.0,1.0,0.0,0.3,0.0,0.1666666666666666,0.0243495783570407,0.6666666666666666
0.9258426966292134,0.0,1.0,1.0,0.0,0.5,0.1666666666666666,0.0774648409655354,0.6666666666666666
0.9269662921348314,0.0,1.0,1.0,0.4,0.0,0.0,0.0135654965596339,0.3333333333333333
0.9280898876404492,0.0,1.0,1.0,0.4,0.0,0.0,0.1102724576307577,0.6666666666666666
0.9292134831460672,1.0,0.5,1.0,0.0,0.0,0.3333333333333333,0.0722273881715115,0.0
0.9303370786516854,1.0,1.0,1.0,0.4,0.0,0.0,0.0151269925664982,0.3333333333333333
0.9314606741573032,1.0,0.0,0.0,0.8,0.0,0.0,0.1561496006864336,1.0
0.9325842696629212,1.0,1.0,0.0,0.2,0.125,0.0,0.0282127194780231,0.0
0.933707865168539,1.0,0.5,1.0,0.0,0.125,0.1666666666666666,0.0365975626608828,0.6666666666666666
0.934831460674157,0.0,1.0,1.0,0.4,0.0,0.0,0.0141104586660295,0.0
0.9359550561797751,0.0,1.0,1.0,0.3,0.0,0.0,0.0153303774213923,0.6666666666666666
0.937078651685393,0.0,1.0,1.0,0.2,0.0,0.0,0.0162005210712174,0.6666666666666666
0.938202247191011,1.0,0.0,0.0,0.5,0.125,0.1666666666666666,0.1623141917345331,0.0
0.939325842696629,0.0,1.0,1.0,0.3,0.0,0.0,0.0169080739493278,0.6666666666666666
0.940449438202247,0.0,1.0,1.0,0.4,0.0,0.0,0.0157125535690723,0.6666666666666666
0.9415730337078648,1.0,1.0,1.0,0.4,0.0,0.0,0.1102724576307577,0.6666666666666666
0.942696629213483,1.0,0.0,1.0,0.4,0.0,0.0,0.0579705392548384,0.0
0.943820224719101,0.0,1.0,1.0,0.2,0.0,0.0,0.0154685698179998,0.6666666666666666
0.944943820224719,0.0,0.5,1.0,0.2,0.0,0.0,0.0204946350900944,0.6666666666666666
0.9460674157303368,1.0,0.0,0.0,0.4,0.0,0.0,0.060507970265993,0.0
0.947191011235955,0.0,1.0,1.0,0.4,0.0,0.0,0.0125651631802364,0.0
0.948314606741573,0.0,1.0,1.0,0.2,0.0,0.0,0.0169080739493278,0.6666666666666666
0.9494382022471908,0.0,1.0,1.0,0.5,0.0,0.0,0.0147366185647821,0.6666666666666666
0.9505617977528088,0.0,1.0,1.0,0.4,1.0,0.3333333333333333,0.1357525590967682,0.6666666666666666
0.9516853932584268,0.0,1.0,1.0,0.4,0.0,0.0,0.0154115752137492,0.0
0.9528089887640449,0.0,0.5,1.0,0.3,0.0,0.1666666666666666,0.0644117102831538,0.6666666666666666
0.9539325842696628,1.0,0.0,0.0,0.4,0.125,0.0,0.1739198156185515,0.0
0.9550561797752806,0.0,1.0,1.0,0.0,0.5,0.3333333333333333,0.0610447345183526,0.6666666666666666
0.9561797752808986,0.0,1.0,1.0,0.9,0.0,0.0,0.0151757893167127,0.6666666666666666
0.9573033707865166,0.0,1.0,0.0,0.1,0.125,0.1666666666666666,0.0297578197768153,0.0
0.9584269662921344,1.0,0.0,0.0,0.2,0.0,0.1666666666666666,0.0769036783380685,0.6666666666666666
0.9595505617977526,0.0,0.5,0.0,0.5,0.125,0.0,0.0507486202230909,0.6666666666666666
0.9606741573033706,1.0,1.0,0.0,0.2,0.0,0.1666666666666666,0.0182499845802269,0.6666666666666666
0.9617977528089886,1.0,0.0,0.0,0.6,0.125,0.1666666666666666,0.3217983671436256,0.6666666666666666
0.9629213483146066,1.0,0.0,1.0,0.6,0.0,0.0,0.0518221487278101,0.6666666666666666
0.9640449438202244,1.0,1.0,0.0,0.3,0.0,0.5,0.0375896981862443,0.0
0.9651685393258426,0.0,1.0,1.0,0.4,0.0,0.0,0.0141104586660295,0.0
0.9662921348314606,0.0,1.0,1.0,0.5,0.25,0.0,0.0275375676420551,0.6666666666666666
0.9674157303370786,0.0,0.5,1.0,0.3,0.125,0.0,0.0224465050986748,0.6666666666666666
0.9685393258426964,1.0,0.0,0.0,0.6,0.0,0.0,0.0506104278264834,0.6666666666666666
0.9696629213483146,0.0,1.0,0.0,0.4,1.0,0.3333333333333333,0.1357525590967682,0.6666666666666666
0.9707865168539324,0.0,0.5,1.0,0.3,0.0,0.0,0.0253743101115454,0.6666666666666666
0.9719101123595504,1.0,0.5,0.0,0.5,0.0,0.0,0.0253743101115454,0.6666666666666666
0.9730337078651684,1.0,0.5,0.0,0.3,0.125,0.0,0.02704960013991,0.0
0.9741573033707862,0.0,0.0,1.0,0.4,0.0,0.0,0.0985612375792752,0.6666666666666666
0.9752808988764043,0.0,1.0,1.0,0.4,0.0,0.0,0.0185427650815139,0.6666666666666666
0.976404494382022,1.0,1.0,1.0,0.0,0.125,0.1666666666666666,0.0217307543665283,0.6666666666666666
0.9775280898876402,0.0,1.0,1.0,0.3,0.0,0.0,0.0154115752137492,0.6666666666666666
0.9786516853932582,1.0,0.0,0.0,0.6,0.125,0.1666666666666666,0.1025789668049371,0.6666666666666666
0.9797752808988762,0.0,0.0,1.0,0.4,0.0,0.0,0.0097593500429021,0.6666666666666666
0.980898876404494,0.0,1.0,1.0,0.6,0.0,0.0,0.0175668300772237,0.6666666666666666
0.9820224719101122,1.0,0.5,0.0,0.3,0.125,0.0,0.04684488020593,0.0
0.9831460674157302,1.0,1.0,0.0,0.2,0.0,0.0,0.0141022608119935,0.0
0.9842696629213482,0.0,1.0,1.0,0.2,0.0,0.0,0.0192177217304811,0.6666666666666666
0.985393258426966,0.0,1.0,1.0,0.2,0.0,0.0,0.0154115752137492,0.6666666666666666
0.986516853932584,0.0,1.0,1.0,0.4,0.0,0.0,0.0154115752137492,0.6666666666666666
0.9876404494382022,1.0,0.0,0.0,0.7,0.0,0.1666666666666666,0.1623141917345331,0.0
0.9887640449438202,1.0,0.5,0.0,0.3,0.0,0.1666666666666666,0.0507486202230909,0.6666666666666666
0.989887640449438,0.0,1.0,1.0,0.4,0.0,0.0,0.0154115752137492,0.6666666666666666
0.991011235955056,0.0,1.0,0.0,0.3,0.0,0.0,0.0205272313192377,0.6666666666666666
0.992134831460674,0.0,0.5,1.0,0.3,0.0,0.0,0.0204946350900944,0.6666666666666666
0.993258426966292,0.0,1.0,1.0,0.3,0.0,0.0,0.0137606835604919,0.6666666666666666
0.9943820224719098,0.0,1.0,0.0,0.5,0.0,0.8333333333333333,0.0568482139999047,0.3333333333333333
0.9955056179775278,0.0,0.5,1.0,0.3,0.0,0.0,0.0253743101115454,0.6666666666666666
0.9966292134831458,1.0,0.0,0.0,0.2,0.0,0.0,0.0585561002574126,0.6666666666666666
0.9977528089887636,0.0,1.0,0.0,0.4,0.125,0.3333333333333333,0.0457713517012108,0.6666666666666666
0.9988764044943818,1.0,0.0,1.0,0.3,0.0,0.0,0.0585561002574126,0.0
1.0,0.0,1.0,1.0,0.4,0.0,0.0,0.0151269925664982,0.3333333333333333
